name,latitude,longitude,prefecture,description,url
清滝トンネル,35.033448,135.660575,京都府,清滝トンネルとは、京都府京都市にあるトンネルの心霊スポットです。老爺、動物、少年の霊が目撃されています。,https://ghostmap.jp/spotdetail.php?spotcd=26&utm_source=mymap
旧東山トンネル（花山トンネル）,34.989657,135.790642,滋賀県,旧東山トンネル（花山トンネル）とは、京都府京都市にあるトンネルの心霊スポットです。老婆、女性、動物の霊が目撃されています。,https://ghostmap.jp/spotdetail.php?spotcd=55&utm_source=mymap
深泥池,35.057716,135.768449,京都府,深泥池とは、京都府京都市にある湖（池）・ダムの心霊スポットです。動物、少女、正体不明の霊が目撃されています。,https://ghostmap.jp/spotdetail.php?spotcd=56&utm_source=mymap
船岡山,35.039518,135.74221,京都府,船岡山とは、京都府京都市にある山・森の心霊スポットです。女性、男性、老婆の霊が目撃されています。,https://ghostmap.jp/spotdetail.php?spotcd=57&utm_source=mymap
将軍塚,35.002046,135.787167,京都府,将軍塚とは、京都府京都市にある墓地・慰霊碑の心霊スポットです。少年、正体不明、男性の霊が目撃されています。,https://ghostmap.jp/spotdetail.php?spotcd=58&utm_source=mymap
野間トンネル,34.933714,135.475955,京都府,野間トンネルとは、大阪府豊能町にあるトンネルの心霊スポットです。男性、老婆、正体不明の霊が目撃されています。,https://ghostmap.jp/spotdetail.php?spotcd=59&utm_source=mymap
妙見山（しおき場）,34.935736,135.471423,京都府,妙見山（しおき場）とは、大阪府能勢町にある山・森の心霊スポットです。少女、男性、動物の霊が目撃されています。,https://ghostmap.jp/spotdetail.php?spotcd=60&utm_source=mymap
滝畑第三トンネル,34.399394,135.520932,大阪府,滝畑第三トンネルとは、大阪府河内長野市にあるトンネルの心霊スポットです。老爺、男性、正体不明の霊が目撃されています。,https://ghostmap.jp/spotdetail.php?spotcd=61&utm_source=mymap
一龍旅館,34.397643,135.382497,大阪府,一龍旅館とは、大阪府貝塚市にあるホテル・旅館の心霊スポットです。正体不明、少女、女性の霊が目撃されています。,https://ghostmap.jp/spotdetail.php?spotcd=62&utm_source=mymap
廃養護学校,34.412004,135.37252,大阪府,廃養護学校とは、大阪府貝塚市にある学校の心霊スポットです。老婆、正体不明、動物の霊が目撃されています。,https://ghostmap.jp/spotdetail.php?spotcd=63&utm_source=mymap
リバーサイド病院,34.597178,135.474098,大阪府,リバーサイド病院とは、大阪府堺市にある病院の心霊スポットです。女性、老婆、男性の霊が目撃されています。,https://ghostmap.jp/spotdetail.php?spotcd=67&utm_source=mymap
ホテル祇園,35.077501,135.886539,滋賀県,ホテル祇園とは、滋賀県大津市にあるホテル・旅館の心霊スポットです。老婆、老爺、少女の霊が目撃されています。,https://ghostmap.jp/spotdetail.php?spotcd=68&utm_source=mymap
旧柳ヶ瀬トンネル,35.60422,136.17257,滋賀県,旧柳ヶ瀬トンネルとは、福井県敦賀市にあるトンネルの心霊スポットです。少女、男性、動物の霊が目撃されています。,https://ghostmap.jp/spotdetail.php?spotcd=69&utm_source=mymap
白高大神,34.661561,135.744395,大阪府,白高大神とは、奈良県山市にある神社・寺の心霊スポットです。男性、正体不明、少女の霊が目撃されています。,https://ghostmap.jp/spotdetail.php?spotcd=71&utm_source=mymap
厨子奥トンネル,34.991006,135.802205,滋賀県,厨子奥トンネルとは、京都府京都市にあるトンネルの心霊スポットです。正体不明、老爺、男性の霊が目撃されています。,https://ghostmap.jp/spotdetail.php?spotcd=116&utm_source=mymap
千日デパート火災現場跡,34.666402,135.502656,大阪府,千日デパート火災現場跡とは、大阪府大阪市にある商業施設の心霊スポットです。少女、女性、老婆の霊が目撃されています。,https://ghostmap.jp/spotdetail.php?spotcd=126&utm_source=mymap
祟りの岩,34.772833,135.316758,大阪府,祟りの岩とは、兵庫県西宮市にあるその他の心霊スポットです。男性、正体不明、老爺の霊が目撃されています。,https://ghostmap.jp/spotdetail.php?spotcd=129&utm_source=mymap
弁天池の牛女,34.775224,135.308751,大阪府,弁天池の牛女とは、兵庫県西宮市にある湖（池）・ダムの心霊スポットです。女性、正体不明、動物の霊が目撃されています。,https://ghostmap.jp/spotdetail.php?spotcd=130&utm_source=mymap
浄化槽で殺された無念の園児たち,34.777119,135.322567,大阪府,浄化槽で殺された無念の園児たちとは、兵庫県西宮市にあるその他の心霊スポットです。少年、少女、正体不明の霊が目撃されています。,https://ghostmap.jp/spotdetail.php?spotcd=131&utm_source=mymap
火垂るの墓：少女像（満池谷墓地）,34.752996,135.334707,大阪府,火垂るの墓：少女像（満池谷墓地）とは、兵庫県西宮市にある墓地・慰霊碑の心霊スポットです。老爺、男性、動物の霊が目撃されています。,https://ghostmap.jp/spotdetail.php?spotcd=132&utm_source=mymap
天ケ瀬ダム,34.867999,135.839459,滋賀県,天ケ瀬ダムとは、京都府宇治田原町にある湖（池）・ダムの心霊スポットです。正体不明、女性、老爺の霊が目撃されています。,https://ghostmap.jp/spotdetail.php?spotcd=143&utm_source=mymap
宇治川ライン,34.877878,135.828502,滋賀県,宇治川ラインとは、京都府宇治市にある道・峠の心霊スポットです。女性、正体不明、男性の霊が目撃されています。,https://ghostmap.jp/spotdetail.php?spotcd=144&utm_source=mymap
池之坊満月城,34.796336,135.246599,大阪府,池之坊満月城とは、兵庫県神戸市にあるホテル・旅館の心霊スポットです。少女、少年、女性の霊が目撃されています。,https://ghostmap.jp/spotdetail.php?spotcd=145&utm_source=mymap
樋の池の「手っちゃん」,34.752037,135.321078,大阪府,樋の池の「手っちゃん」とは、兵庫県西宮市にある湖（池）・ダムの心霊スポットです。女性、少年、少女の霊が目撃されています。,https://ghostmap.jp/spotdetail.php?spotcd=146&utm_source=mymap
三途の川の踏切,34.738938,135.381917,大阪府,三途の川の踏切とは、兵庫県尼崎市にある駅・踏切の心霊スポットです。老婆、少年、老爺の霊が目撃されています。,https://ghostmap.jp/spotdetail.php?spotcd=147&utm_source=mymap
メリーさんの館,34.782069,135.263446,大阪府,メリーさんの館とは、兵庫県神戸市にある住居の心霊スポットです。老婆、正体不明、女性の霊が目撃されています。,https://ghostmap.jp/spotdetail.php?spotcd=149&utm_source=mymap
長年空き地だった場所,34.739893,135.354084,大阪府,長年空き地だった場所とは、兵庫県西宮市にあるその他の心霊スポットです。女性、正体不明、男性の霊が目撃されています。,https://ghostmap.jp/spotdetail.php?spotcd=171&utm_source=mymap
くつわ池,34.859498,135.836259,滋賀県,くつわ池とは、京都府宇治田原町にある湖（池）・ダムの心霊スポットです。正体不明、少女、女性の霊が目撃されています。,https://ghostmap.jp/spotdetail.php?spotcd=172&utm_source=mymap
信貴生駒スカイライン,34.686718,135.685701,大阪府,信貴生駒スカイラインとは、奈良県生駒市にある道・峠の心霊スポットです。少年、正体不明、少女の霊が目撃されています。,https://ghostmap.jp/spotdetail.php?spotcd=178&utm_source=mymap
首塚大明神,34.987034,135.639484,京都府,首塚大明神とは、京都府京都市にある神社・寺の心霊スポットです。女性、少年、老婆の霊が目撃されています。,https://ghostmap.jp/spotdetail.php?spotcd=182&utm_source=mymap
西宮市香櫨園（こうろえん）浜,34.724556,135.329032,大阪府,西宮市香櫨園（こうろえん）浜とは、兵庫県西宮市にある海の心霊スポットです。老婆、少女、正体不明の霊が目撃されています。,https://ghostmap.jp/spotdetail.php?spotcd=185&utm_source=mymap
五ケ池・仁川ピクニックセンター,34.779544,135.334665,大阪府,五ケ池・仁川ピクニックセンターとは、兵庫県西宮市にある湖（池）・ダムの心霊スポットです。老婆、女性、老爺の霊が目撃されています。,https://ghostmap.jp/spotdetail.php?spotcd=186&utm_source=mymap
苦楽園　,34.751795,135.313161,大阪府,苦楽園　とは、兵庫県西宮市にある公園・城跡の心霊スポットです。正体不明、女性、老婆の霊が目撃されています。,https://ghostmap.jp/spotdetail.php?spotcd=195&utm_source=mymap
芦原トンネル,34.420505,135.796584,大阪府,芦原トンネルとは、奈良県高取町にあるトンネルの心霊スポットです。男性、老爺、少年の霊が目撃されています。,https://ghostmap.jp/spotdetail.php?spotcd=203&utm_source=mymap
芝山トンネル（旧柏原トンネル）,34.573056,135.653423,大阪府,芝山トンネル（旧柏原トンネル）とは、大阪府柏原市にあるトンネルの心霊スポットです。老爺、老婆、動物の霊が目撃されています。,https://ghostmap.jp/spotdetail.php?spotcd=210&utm_source=mymap
笠置トンネル,34.760345,135.947453,京都府,笠置トンネルとは、京都府笠置町にあるトンネルの心霊スポットです。少年、正体不明、少女の霊が目撃されています。,https://ghostmap.jp/spotdetail.php?spotcd=216&utm_source=mymap
メタボ広沢,35.020809,135.686475,京都府,メタボ広沢とは、京都府京都市にある住居の心霊スポットです。少年、正体不明、男性の霊が目撃されています。,https://ghostmap.jp/spotdetail.php?spotcd=218&utm_source=mymap
あみだババアの池,34.816653,135.765256,滋賀県,あみだババアの池とは、京都府京田辺市にある湖（池）・ダムの心霊スポットです。正体不明、老婆、男性の霊が目撃されています。,https://ghostmap.jp/spotdetail.php?spotcd=219&utm_source=mymap
シガイの森（新開の森）,35.145823,136.11965,滋賀県,シガイの森（新開の森）とは、滋賀県近江八幡市にある山・森の心霊スポットです。老爺、女性、動物の霊が目撃されています。,https://ghostmap.jp/spotdetail.php?spotcd=230&utm_source=mymap
こしき岩,34.75868,135.322056,大阪府,こしき岩とは、兵庫県西宮市にあるその他の心霊スポットです。女性、正体不明、男性の霊が目撃されています。,https://ghostmap.jp/spotdetail.php?spotcd=239&utm_source=mymap
首吊り廃墟,34.6505,135.505954,大阪府,首吊り廃墟とは、大阪府大阪市にある商業施設の心霊スポットです。少年、女性、少女の霊が目撃されています。,https://ghostmap.jp/spotdetail.php?spotcd=262&utm_source=mymap
暗峠,34.665096,135.671215,大阪府,暗峠とは、奈良県生駒市にある道・峠の心霊スポットです。女性、正体不明、老婆の霊が目撃されています。,https://ghostmap.jp/spotdetail.php?spotcd=268&utm_source=mymap
ほととぎす旅館,34.322552,135.269356,大阪府,ほととぎす旅館とは、大阪府阪南市にあるホテル・旅館の心霊スポットです。少女、老婆、少年の霊が目撃されています。,https://ghostmap.jp/spotdetail.php?spotcd=269&utm_source=mymap
旧生駒トンネル,34.6878,135.658128,大阪府,旧生駒トンネルとは、大阪府東大阪市にあるトンネルの心霊スポットです。動物、少年、女性の霊が目撃されています。,https://ghostmap.jp/spotdetail.php?spotcd=270&utm_source=mymap
旧佐和山トンネル,35.277266,136.270361,滋賀県,旧佐和山トンネルとは、滋賀県彦根市にあるトンネルの心霊スポットです。少年、男性、老婆の霊が目撃されています。,https://ghostmap.jp/spotdetail.php?spotcd=271&utm_source=mymap
甲賀ファミリーランド跡,34.952033,136.107964,滋賀県,甲賀ファミリーランド跡とは、滋賀県湖南市にある遊園地の心霊スポットです。少年、老婆、正体不明の霊が目撃されています。,https://ghostmap.jp/spotdetail.php?spotcd=272&utm_source=mymap
皆殺しの館跡,34.375941,135.368967,大阪府,皆殺しの館跡とは、大阪府熊取町にある住居の心霊スポットです。少女、老婆、老爺の霊が目撃されています。,https://ghostmap.jp/spotdetail.php?spotcd=273&utm_source=mymap
プラザ松本,34.506053,135.79174,大阪府,プラザ松本とは、奈良県橿原市にある商業施設の心霊スポットです。少年、老爺、男性の霊が目撃されています。,https://ghostmap.jp/spotdetail.php?spotcd=274&utm_source=mymap
摩耶観光ホテル,34.727576,135.212789,大阪府,摩耶観光ホテルとは、兵庫県神戸市にあるホテル・旅館の心霊スポットです。老婆、男性、正体不明の霊が目撃されています。,https://ghostmap.jp/spotdetail.php?spotcd=276&utm_source=mymap
船坂峠の冷水,34.787587,135.300208,大阪府,船坂峠の冷水とは、兵庫県西宮市にある道・峠の心霊スポットです。老爺、少女、正体不明の霊が目撃されています。,https://ghostmap.jp/spotdetail.php?spotcd=326&utm_source=mymap
船坂川　水飲み場,34.79781,135.273949,大阪府,船坂川　水飲み場とは、兵庫県西宮市にある川・滝の心霊スポットです。女性、正体不明、男性の霊が目撃されています。,https://ghostmap.jp/spotdetail.php?spotcd=343&utm_source=mymap
地蔵坂,34.771988,135.328128,大阪府,地蔵坂とは、兵庫県西宮市にある道・峠の心霊スポットです。正体不明、少年、少女の霊が目撃されています。,https://ghostmap.jp/spotdetail.php?spotcd=352&utm_source=mymap
流れ橋（上津屋橋）,34.86838,135.748395,滋賀県,流れ橋（上津屋橋）とは、京都府八幡市にある橋の心霊スポットです。女性、男性、正体不明の霊が目撃されています。,https://ghostmap.jp/spotdetail.php?spotcd=355&utm_source=mymap
大池遊園駅,34.204695,135.28546,大阪府,大池遊園駅とは、和歌山県紀の川市にある駅・踏切の心霊スポットです。老婆、男性、女性の霊が目撃されています。,https://ghostmap.jp/spotdetail.php?spotcd=517&utm_source=mymap
旧風吹トンネル,34.304365,135.308463,大阪府,旧風吹トンネルとは、和歌山県岩出市にあるトンネルの心霊スポットです。老爺、少女、少年の霊が目撃されています。,https://ghostmap.jp/spotdetail.php?spotcd=522&utm_source=mymap
多羅尾処刑場跡,34.809248,136.066575,滋賀県,多羅尾処刑場跡とは、滋賀県甲賀市にある墓地・慰霊碑の心霊スポットです。正体不明、少女、少年の霊が目撃されています。,https://ghostmap.jp/spotdetail.php?spotcd=523&utm_source=mymap
血の池,35.033199,135.673459,京都府,血の池とは、京都府京都市にある湖（池）・ダムの心霊スポットです。少年、正体不明、女性の霊が目撃されています。,https://ghostmap.jp/spotdetail.php?spotcd=534&utm_source=mymap
落合橋と赤橋トンネル,35.031674,135.650706,京都府,落合橋と赤橋トンネルとは、京都府京都市にある橋の心霊スポットです。正体不明、少女、女性の霊が目撃されています。,https://ghostmap.jp/spotdetail.php?spotcd=535&utm_source=mymap
泉の広場,34.702005,135.501896,京都府,泉の広場とは、大阪府大阪市にあるその他の心霊スポットです。男性、老爺、少年の霊が目撃されています。,https://ghostmap.jp/spotdetail.php?spotcd=541&utm_source=mymap
屯鶴峯防空壕,34.541277,135.663353,大阪府,屯鶴峯防空壕とは、奈良県香芝市にあるその他の心霊スポットです。女性、少女、正体不明の霊が目撃されています。,https://ghostmap.jp/spotdetail.php?spotcd=542&utm_source=mymap
一庫ダム（龍化トンネル）,34.924073,135.409727,京都府,一庫ダム（龍化トンネル）とは、兵庫県猪名川町にあるトンネルの心霊スポットです。老爺、女性、少女の霊が目撃されています。,https://ghostmap.jp/spotdetail.php?spotcd=556&utm_source=mymap
生駒山,34.677264,135.689263,大阪府,生駒山とは、奈良県生駒市にある山・森の心霊スポットです。動物、老爺、正体不明の霊が目撃されています。,https://ghostmap.jp/spotdetail.php?spotcd=568&utm_source=mymap
ロシア病院,35.497594,135.443907,京都府,ロシア病院とは、京都府舞鶴市にある病院の心霊スポットです。老婆、女性、男性の霊が目撃されています。,https://ghostmap.jp/spotdetail.php?spotcd=602&utm_source=mymap
あるはずのないトンネル,34.307392,135.345804,大阪府,あるはずのないトンネルとは、和歌山県紀の川市にあるトンネルの心霊スポットです。女性、正体不明、老婆の霊が目撃されています。,https://ghostmap.jp/spotdetail.php?spotcd=603&utm_source=mymap
比叡山回転展望閣,35.064654,135.829008,京都府,比叡山回転展望閣とは、京都府京都市にある公園・城跡の心霊スポットです。老爺、男性、少女の霊が目撃されています。,https://ghostmap.jp/spotdetail.php?spotcd=609&utm_source=mymap
 人面電柱,34.670631,135.604625,大阪府, 人面電柱とは、大阪府東大阪市にあるその他の心霊スポットです。少女、少年、女性の霊が目撃されています。,https://ghostmap.jp/spotdetail.php?spotcd=614&utm_source=mymap
魔のカーブ（京都）,34.958633,135.680399,京都府,魔のカーブ（京都）とは、京都府京都市にある道・峠の心霊スポットです。少年、正体不明、老婆の霊が目撃されています。,https://ghostmap.jp/spotdetail.php?spotcd=696&utm_source=mymap
梅ノ木踏切,34.951635,135.705152,滋賀県,梅ノ木踏切とは、京都府向日市にある駅・踏切の心霊スポットです。正体不明、老婆、女性の霊が目撃されています。,https://ghostmap.jp/spotdetail.php?spotcd=697&utm_source=mymap
久米田池,34.455662,135.418449,大阪府,久米田池とは、大阪府岸和田市にある湖（池）・ダムの心霊スポットです。正体不明、少女、老爺の霊が目撃されています。,https://ghostmap.jp/spotdetail.php?spotcd=699&utm_source=mymap
老ノ坂バス停,34.991615,135.638192,京都府,老ノ坂バス停とは、京都府亀岡市にあるその他の心霊スポットです。正体不明、老爺、老婆の霊が目撃されています。,https://ghostmap.jp/spotdetail.php?spotcd=700&utm_source=mymap
天蓋の花公園,34.980287,135.660385,京都府,天蓋の花公園とは、京都府京都市にある公園・城跡の心霊スポットです。老爺、少女、正体不明の霊が目撃されています。,https://ghostmap.jp/spotdetail.php?spotcd=702&utm_source=mymap
安井金比羅宮,34.99992,135.775961,滋賀県,安井金比羅宮とは、京都府京都市にある神社・寺の心霊スポットです。女性、老爺、男性の霊が目撃されています。,https://ghostmap.jp/spotdetail.php?spotcd=722&utm_source=mymap
滝畑ダム,34.389558,135.52676,大阪府,滝畑ダムとは、大阪府河内長野市にある湖（池）・ダムの心霊スポットです。老爺、女性、正体不明の霊が目撃されています。,https://ghostmap.jp/spotdetail.php?spotcd=795&utm_source=mymap
夕月橋,34.385618,135.525287,大阪府,夕月橋とは、大阪府河内長野市にある橋の心霊スポットです。男性、正体不明、少女の霊が目撃されています。,https://ghostmap.jp/spotdetail.php?spotcd=796&utm_source=mymap
梨の木隧道,34.387066,135.534979,大阪府,梨の木隧道とは、大阪府河内長野市にあるトンネルの心霊スポットです。老婆、男性、老爺の霊が目撃されています。,https://ghostmap.jp/spotdetail.php?spotcd=797&utm_source=mymap
石澄の滝までの道中の廃墟群,34.840258,135.454061,京都府,石澄の滝までの道中の廃墟群とは、大阪府箕面市にある村・集落の心霊スポットです。少年、動物、老婆の霊が目撃されています。,https://ghostmap.jp/spotdetail.php?spotcd=804&utm_source=mymap
北陸トンネル,35.652809,136.097525,滋賀県,北陸トンネルとは、福井県敦賀市にあるトンネルの心霊スポットです。女性、男性、老婆の霊が目撃されています。,https://ghostmap.jp/spotdetail.php?spotcd=829&utm_source=mymap
三雲トンネルと電話ボックス,34.976939,136.119512,滋賀県,三雲トンネルと電話ボックスとは、滋賀県湖南市にあるトンネルの心霊スポットです。動物、少年、老婆の霊が目撃されています。,https://ghostmap.jp/spotdetail.php?spotcd=831&utm_source=mymap
旧観音坂トンネル,35.385212,136.337277,滋賀県,旧観音坂トンネルとは、滋賀県米原市にあるトンネルの心霊スポットです。老婆、男性、少女の霊が目撃されています。,https://ghostmap.jp/spotdetail.php?spotcd=832&utm_source=mymap
琵琶湖大橋,35.121428,135.934058,滋賀県,琵琶湖大橋とは、滋賀県大津市にある橋の心霊スポットです。少女、動物、男性の霊が目撃されています。,https://ghostmap.jp/spotdetail.php?spotcd=833&utm_source=mymap
箕面の滝,34.852502,135.472017,京都府,箕面の滝とは、大阪府箕面市にある川・滝の心霊スポットです。女性、動物、男性の霊が目撃されています。,https://ghostmap.jp/spotdetail.php?spotcd=872&utm_source=mymap
日野川ダム,35.0047,136.259896,滋賀県,日野川ダムとは、滋賀県日野町にある湖（池）・ダムの心霊スポットです。女性、少女、正体不明の霊が目撃されています。,https://ghostmap.jp/spotdetail.php?spotcd=899&utm_source=mymap
太秦駅,35.017049,135.700203,京都府,太秦駅とは、京都府京都市にある駅・踏切の心霊スポットです。老婆、正体不明、女性の霊が目撃されています。,https://ghostmap.jp/spotdetail.php?spotcd=944&utm_source=mymap
JR保津峡駅,35.02286,135.639928,京都府,JR保津峡駅とは、京都府亀岡市にある駅・踏切の心霊スポットです。正体不明、動物、女性の霊が目撃されています。,https://ghostmap.jp/spotdetail.php?spotcd=945&utm_source=mymap
源氏の滝,34.79021,135.704114,京都府,源氏の滝とは、大阪府交野市にある川・滝の心霊スポットです。男性、少女、女性の霊が目撃されています。,https://ghostmap.jp/spotdetail.php?spotcd=974&utm_source=mymap
枚岡神社,34.669945,135.650618,大阪府,枚岡神社とは、大阪府東大阪市にある神社・寺の心霊スポットです。少女、少年、老婆の霊が目撃されています。,https://ghostmap.jp/spotdetail.php?spotcd=978&utm_source=mymap
大泉緑地,34.567592,135.527514,大阪府,大泉緑地とは、大阪府堺市にある公園・城跡の心霊スポットです。動物、少年、女性の霊が目撃されています。,https://ghostmap.jp/spotdetail.php?spotcd=979&utm_source=mymap
老ノ坂トンネル,34.989723,135.63618,京都府,老ノ坂トンネルとは、京都府亀岡市にあるトンネルの心霊スポットです。正体不明、動物、少年の霊が目撃されています。,https://ghostmap.jp/spotdetail.php?spotcd=983&utm_source=mymap
保津川,35.017336,135.587664,京都府,保津川とは、京都府亀岡市にある川・滝の心霊スポットです。女性、少女、老婆の霊が目撃されています。,https://ghostmap.jp/spotdetail.php?spotcd=984&utm_source=mymap
大塚団地跡,35.050119,136.200026,滋賀県,大塚団地跡とは、滋賀県東近江市にある住居の心霊スポットです。正体不明、少女、男性の霊が目撃されています。,https://ghostmap.jp/spotdetail.php?spotcd=1034&utm_source=mymap
五月山,34.837759,135.439078,京都府,五月山とは、大阪府池田市にある山・森の心霊スポットです。男性、老婆、動物の霊が目撃されています。,https://ghostmap.jp/spotdetail.php?spotcd=1074&utm_source=mymap
鉄輪の井戸,34.998287,135.763164,滋賀県,鉄輪の井戸とは、京都府京都市にあるその他の心霊スポットです。正体不明、動物、女性の霊が目撃されています。,https://ghostmap.jp/spotdetail.php?spotcd=1085&utm_source=mymap
象の像がある岩滝寺,34.879031,135.628292,京都府,象の像がある岩滝寺とは、大阪府高槻市にある神社・寺の心霊スポットです。男性、少年、老婆の霊が目撃されています。,https://ghostmap.jp/spotdetail.php?spotcd=1097&utm_source=mymap
貴船神社,35.121585,135.762915,京都府,貴船神社とは、京都府京都市にある神社・寺の心霊スポットです。男性、正体不明、女性の霊が目撃されています。,https://ghostmap.jp/spotdetail.php?spotcd=1101&utm_source=mymap
マルイ病院(跡地),34.370114,135.267379,大阪府,マルイ病院(跡地)とは、大阪府泉南市にある病院の心霊スポットです。男性、動物、正体不明の霊が目撃されています。,https://ghostmap.jp/spotdetail.php?spotcd=1124&utm_source=mymap
ユネスコ会館,34.776209,135.291313,大阪府,ユネスコ会館とは、兵庫県芦屋市にある商業施設の心霊スポットです。正体不明、老婆、男性の霊が目撃されています。,https://ghostmap.jp/spotdetail.php?spotcd=1208&utm_source=mymap
ゼロ戦墓地,34.796854,135.335937,大阪府,ゼロ戦墓地とは、兵庫県宝塚市にある墓地・慰霊碑の心霊スポットです。老婆、老爺、少女の霊が目撃されています。,https://ghostmap.jp/spotdetail.php?spotcd=1218&utm_source=mymap
くろんど池,34.762231,135.714386,京都府,くろんど池とは、奈良県生駒市にある湖（池）・ダムの心霊スポットです。老爺、老婆、正体不明の霊が目撃されています。,https://ghostmap.jp/spotdetail.php?spotcd=1222&utm_source=mymap
犬鳴山トンネル,34.338584,135.389316,大阪府,犬鳴山トンネルとは、大阪府泉佐野市にあるトンネルの心霊スポットです。少年、動物、女性の霊が目撃されています。,https://ghostmap.jp/spotdetail.php?spotcd=1382&utm_source=mymap
鶴見緑地公園,34.714415,135.580279,京都府,鶴見緑地公園とは、大阪府大阪市にある公園・城跡の心霊スポットです。女性、動物、少女の霊が目撃されています。,https://ghostmap.jp/spotdetail.php?spotcd=1402&utm_source=mymap
十三峠,34.63737,135.662051,大阪府,十三峠とは、大阪府八尾市にある道・峠の心霊スポットです。老爺、女性、動物の霊が目撃されています。,https://ghostmap.jp/spotdetail.php?spotcd=1403&utm_source=mymap
アジャリの森（歩人山神社）,34.842998,135.604023,京都府,アジャリの森（歩人山神社）とは、大阪府高槻市にある山・森の心霊スポットです。少女、女性、正体不明の霊が目撃されています。,https://ghostmap.jp/spotdetail.php?spotcd=1404&utm_source=mymap
モーテルサンリバー,34.988983,135.636614,京都府,モーテルサンリバーとは、京都府亀岡市にあるホテル・旅館の心霊スポットです。動物、少年、老婆の霊が目撃されています。,https://ghostmap.jp/spotdetail.php?spotcd=1436&utm_source=mymap
信楽高原鐵道列車正面衝突事故現場,34.920825,136.087923,滋賀県,信楽高原鐵道列車正面衝突事故現場とは、滋賀県甲賀市にある道・峠の心霊スポットです。正体不明、少年、女性の霊が目撃されています。,https://ghostmap.jp/spotdetail.php?spotcd=1480&utm_source=mymap
長居公園の公衆トイレ,34.609604,135.516462,大阪府,長居公園の公衆トイレとは、大阪府大阪市にある公園・城跡の心霊スポットです。老爺、女性、正体不明の霊が目撃されています。,https://ghostmap.jp/spotdetail.php?spotcd=1486&utm_source=mymap
元旅館の廃屋,34.885047,135.698212,京都府,元旅館の廃屋とは、京都府八幡市にあるホテル・旅館の心霊スポットです。女性、正体不明、男性の霊が目撃されています。,https://ghostmap.jp/spotdetail.php?spotcd=1502&utm_source=mymap
倉谷温泉,34.302059,135.350652,大阪府,倉谷温泉とは、和歌山県紀の川市にあるホテル・旅館の心霊スポットです。老婆、正体不明、老爺の霊が目撃されています。,https://ghostmap.jp/spotdetail.php?spotcd=1538&utm_source=mymap
ASAHIBEER（アサヒビール）西宮工場跡地,34.737866,135.35747,大阪府,ASAHIBEER（アサヒビール）西宮工場跡地とは、兵庫県西宮市にある商業施設の心霊スポットです。正体不明、少年、男性の霊が目撃されています。,https://ghostmap.jp/spotdetail.php?spotcd=1594&utm_source=mymap
地蔵公園の霊道,34.732922,135.310474,大阪府,地蔵公園の霊道とは、兵庫県芦屋市にある公園・城跡の心霊スポットです。少年、正体不明、女性の霊が目撃されています。,https://ghostmap.jp/spotdetail.php?spotcd=1700&utm_source=mymap
田上山,34.927753,135.946749,滋賀県,田上山とは、滋賀県大津市にある山・森の心霊スポットです。男性、動物、正体不明の霊が目撃されています。,https://ghostmap.jp/spotdetail.php?spotcd=1800&utm_source=mymap
甲山墓園 公衆トイレ,34.775072,135.322058,大阪府,甲山墓園 公衆トイレとは、兵庫県西宮市にある墓地・慰霊碑の心霊スポットです。女性、少年、正体不明の霊が目撃されています。,https://ghostmap.jp/spotdetail.php?spotcd=1834&utm_source=mymap
養源院,34.987829,135.773624,滋賀県,養源院とは、京都府京都市にある神社・寺の心霊スポットです。少年、少女、老爺の霊が目撃されています。,https://ghostmap.jp/spotdetail.php?spotcd=1872&utm_source=mymap
山中越え,35.040402,135.814529,京都府,山中越えとは、京都府京都市にある道・峠の心霊スポットです。男性、正体不明、少女の霊が目撃されています。,https://ghostmap.jp/spotdetail.php?spotcd=1902&utm_source=mymap
旧北陸トンネル,35.662631,136.10629,滋賀県,旧北陸トンネルとは、福井県南越前町にあるトンネルの心霊スポットです。老爺、女性、少女の霊が目撃されています。,https://ghostmap.jp/spotdetail.php?spotcd=1996&utm_source=mymap
三室山,34.601093,135.715164,大阪府,三室山とは、奈良県斑鳩町にある山・森の心霊スポットです。少年、老爺、女性の霊が目撃されています。,https://ghostmap.jp/spotdetail.php?spotcd=2027&utm_source=mymap
佐和山自歩道トンネル,35.276208,136.27108,滋賀県,佐和山自歩道トンネルとは、滋賀県彦根市にあるトンネルの心霊スポットです。男性、正体不明、少年の霊が目撃されています。,https://ghostmap.jp/spotdetail.php?spotcd=2032&utm_source=mymap
田中家,34.572703,135.647211,大阪府,田中家とは、大阪府柏原市にある住居の心霊スポットです。老爺、少女、女性の霊が目撃されています。,https://ghostmap.jp/spotdetail.php?spotcd=2055&utm_source=mymap
意岐部東の細通り,34.673819,135.606209,大阪府,意岐部東の細通りとは、大阪府東大阪市にある道・峠の心霊スポットです。男性、老爺、少年の霊が目撃されています。,https://ghostmap.jp/spotdetail.php?spotcd=2071&utm_source=mymap
魑魅魍魎狩籠の丘,35.076378,135.83587,京都府,魑魅魍魎狩籠の丘とは、滋賀県大津市にあるその他の心霊スポットです。正体不明、女性、動物の霊が目撃されています。,https://ghostmap.jp/spotdetail.php?spotcd=2088&utm_source=mymap
枚岡公園,34.669076,135.661883,大阪府,枚岡公園とは、大阪府東大阪市にある公園・城跡の心霊スポットです。男性、老婆、女性の霊が目撃されています。,https://ghostmap.jp/spotdetail.php?spotcd=2114&utm_source=mymap
大渕池,34.709218,135.748515,京都府,大渕池とは、奈良県奈良市にある湖（池）・ダムの心霊スポットです。少年、正体不明、女性の霊が目撃されています。,https://ghostmap.jp/spotdetail.php?spotcd=2169&utm_source=mymap
気比の松原,35.656058,136.048872,滋賀県,気比の松原とは、福井県敦賀市にある湖（池）・ダムの心霊スポットです。正体不明、男性、少年の霊が目撃されています。,https://ghostmap.jp/spotdetail.php?spotcd=2175&utm_source=mymap
曼殊院門跡,35.048909,135.802935,京都府,曼殊院門跡とは、京都府京都市にある神社・寺の心霊スポットです。正体不明、男性、女性の霊が目撃されています。,https://ghostmap.jp/spotdetail.php?spotcd=2197&utm_source=mymap
海津大崎のトンネル,35.449182,136.087547,滋賀県,海津大崎のトンネルとは、滋賀県高島市にあるトンネルの心霊スポットです。女性、男性、老婆の霊が目撃されています。,https://ghostmap.jp/spotdetail.php?spotcd=2268&utm_source=mymap
姉川古戦場（野村橋）,35.41637,136.32176,滋賀県,姉川古戦場（野村橋）とは、滋賀県長浜市にある橋の心霊スポットです。正体不明、少女、動物の霊が目撃されています。,https://ghostmap.jp/spotdetail.php?spotcd=2269&utm_source=mymap
吹田市立少年自然の家　,35.399893,135.980087,滋賀県,吹田市立少年自然の家　とは、滋賀県高島市にある公園・城跡の心霊スポットです。老婆、正体不明、少女の霊が目撃されています。,https://ghostmap.jp/spotdetail.php?spotcd=2270&utm_source=mymap
曽根沼,35.242044,136.196587,滋賀県,曽根沼とは、滋賀県彦根市にある湖（池）・ダムの心霊スポットです。女性、少年、正体不明の霊が目撃されています。,https://ghostmap.jp/spotdetail.php?spotcd=2273&utm_source=mymap
血原公園,35.415408,136.314626,滋賀県,血原公園とは、滋賀県長浜市にある公園・城跡の心霊スポットです。男性、老爺、正体不明の霊が目撃されています。,https://ghostmap.jp/spotdetail.php?spotcd=2277&utm_source=mymap
長沢踏切,35.406615,136.261568,滋賀県,長沢踏切とは、滋賀県長浜市にある駅・踏切の心霊スポットです。少年、女性、男性の霊が目撃されています。,https://ghostmap.jp/spotdetail.php?spotcd=2278&utm_source=mymap
土倉鉱山跡,35.591017,136.300678,滋賀県,土倉鉱山跡とは、滋賀県長浜市にあるその他の心霊スポットです。男性、老爺、正体不明の霊が目撃されています。,https://ghostmap.jp/spotdetail.php?spotcd=2279&utm_source=mymap
ゴルフ場近くの線路内に現れた女性の霊,34.995008,135.88453,滋賀県,ゴルフ場近くの線路内に現れた女性の霊とは、滋賀県大津市にある駅・踏切の心霊スポットです。少年、男性、少女の霊が目撃されています。,https://ghostmap.jp/spotdetail.php?spotcd=2281&utm_source=mymap
黒丸PA(上り）,35.078969,136.192403,滋賀県,黒丸PA(上り）とは、滋賀県東近江市にある道・峠の心霊スポットです。老婆、少年、少女の霊が目撃されています。,https://ghostmap.jp/spotdetail.php?spotcd=2282&utm_source=mymap
服部天神駅前のクスノキ,34.763444,135.475436,京都府,服部天神駅前のクスノキとは、大阪府豊中市にある駅・踏切の心霊スポットです。正体不明、女性、動物の霊が目撃されています。,https://ghostmap.jp/spotdetail.php?spotcd=2316&utm_source=mymap
三段池公園,35.309994,135.136162,京都府,三段池公園とは、京都府福知山市にある公園・城跡の心霊スポットです。少年、男性、老爺の霊が目撃されています。,https://ghostmap.jp/spotdetail.php?spotcd=2360&utm_source=mymap
永谷集落の廃寺(長泉寺?)　,35.377108,135.742197,京都府,永谷集落の廃寺(長泉寺?)　とは、福井県おおい町にある神社・寺の心霊スポットです。女性、正体不明、男性の霊が目撃されています。,https://ghostmap.jp/spotdetail.php?spotcd=2409&utm_source=mymap
伏見合戦跡,34.972088,135.773455,滋賀県,伏見合戦跡とは、京都府京都市にある公園・城跡の心霊スポットです。動物、少年、正体不明の霊が目撃されています。,https://ghostmap.jp/spotdetail.php?spotcd=2429&utm_source=mymap
堀河ダム,34.32301,135.310169,大阪府,堀河ダムとは、大阪府泉南市にある湖（池）・ダムの心霊スポットです。女性、男性、少年の霊が目撃されています。,https://ghostmap.jp/spotdetail.php?spotcd=2468&utm_source=mymap
水度神社,34.854735,135.789557,滋賀県,水度神社とは、京都府城陽市にある神社・寺の心霊スポットです。動物、老婆、老爺の霊が目撃されています。,https://ghostmap.jp/spotdetail.php?spotcd=2507&utm_source=mymap
野宮踏切,35.018163,135.674257,京都府,野宮踏切とは、京都府京都市にある駅・踏切の心霊スポットです。男性、正体不明、少女の霊が目撃されています。,https://ghostmap.jp/spotdetail.php?spotcd=2529&utm_source=mymap
西野水道(西野放水路),35.466558,136.198073,滋賀県,西野水道(西野放水路)とは、滋賀県長浜市にある川・滝の心霊スポットです。老爺、女性、老婆の霊が目撃されています。,https://ghostmap.jp/spotdetail.php?spotcd=2560&utm_source=mymap
深田池公園,34.725758,135.25239,大阪府,深田池公園とは、兵庫県神戸市にある公園・城跡の心霊スポットです。少年、老爺、女性の霊が目撃されています。,https://ghostmap.jp/spotdetail.php?spotcd=2565&utm_source=mymap
寺ヶ池公園,34.462214,135.558255,大阪府,寺ヶ池公園とは、大阪府河内長野市にある公園・城跡の心霊スポットです。少年、正体不明、少女の霊が目撃されています。,https://ghostmap.jp/spotdetail.php?spotcd=2585&utm_source=mymap
天若トンネル,35.138941,135.531569,京都府,天若トンネルとは、京都府南丹市にあるトンネルの心霊スポットです。少女、女性、男性の霊が目撃されています。,https://ghostmap.jp/spotdetail.php?spotcd=2650&utm_source=mymap
大阪湾の立ち入り禁止エリアのある人工島,34.617518,135.413663,大阪府,大阪湾の立ち入り禁止エリアのある人工島とは、大阪府大阪市にあるその他の心霊スポットです。男性、動物、正体不明の霊が目撃されています。,https://ghostmap.jp/spotdetail.php?spotcd=2654&utm_source=mymap
マンション某階の１号室,34.678628,135.574371,大阪府,マンション某階の１号室とは、大阪府東大阪市にある住居の心霊スポットです。老婆、男性、少年の霊が目撃されています。,https://ghostmap.jp/spotdetail.php?spotcd=2669&utm_source=mymap
京都御苑の廃トイレ,35.017591,135.762553,京都府,京都御苑の廃トイレとは、京都府京都市にあるその他の心霊スポットです。少女、女性、男性の霊が目撃されています。,https://ghostmap.jp/spotdetail.php?spotcd=2698&utm_source=mymap
久宝寺緑地,34.630673,135.577781,大阪府,久宝寺緑地とは、大阪府八尾市にある公園・城跡の心霊スポットです。老婆、少女、老爺の霊が目撃されています。,https://ghostmap.jp/spotdetail.php?spotcd=2715&utm_source=mymap
八尾空港,34.597783,135.597081,大阪府,八尾空港とは、大阪府八尾市にある商業施設の心霊スポットです。少年、正体不明、男性の霊が目撃されています。,https://ghostmap.jp/spotdetail.php?spotcd=2716&utm_source=mymap
孔舎衛坂駅,34.688119,135.657731,大阪府,孔舎衛坂駅とは、大阪府東大阪市にある駅・踏切の心霊スポットです。老爺、少年、男性の霊が目撃されています。,https://ghostmap.jp/spotdetail.php?spotcd=2749&utm_source=mymap
墓池,35.058992,135.73934,京都府,墓池とは、京都府京都市にある湖（池）・ダムの心霊スポットです。老爺、女性、老婆の霊が目撃されています。,https://ghostmap.jp/spotdetail.php?spotcd=2780&utm_source=mymap
山田池公園,34.819855,135.689457,京都府,山田池公園とは、大阪府枚方市にある公園・城跡の心霊スポットです。少年、女性、老爺の霊が目撃されています。,https://ghostmap.jp/spotdetail.php?spotcd=2790&utm_source=mymap
耳原公園,34.840202,135.559102,京都府,耳原公園とは、大阪府茨木市にある公園・城跡の心霊スポットです。動物、正体不明、老爺の霊が目撃されています。,https://ghostmap.jp/spotdetail.php?spotcd=2794&utm_source=mymap
新幹線公園,34.775063,135.566676,京都府,新幹線公園とは、大阪府摂津市にある公園・城跡の心霊スポットです。正体不明、少年、男性の霊が目撃されています。,https://ghostmap.jp/spotdetail.php?spotcd=2795&utm_source=mymap
西河原公園,34.833004,135.57395,京都府,西河原公園とは、大阪府茨木市にある公園・城跡の心霊スポットです。老婆、正体不明、動物の霊が目撃されています。,https://ghostmap.jp/spotdetail.php?spotcd=2796&utm_source=mymap
市場池公園,34.787479,135.538716,京都府,市場池公園とは、大阪府摂津市にある公園・城跡の心霊スポットです。少年、正体不明、女性の霊が目撃されています。,https://ghostmap.jp/spotdetail.php?spotcd=2806&utm_source=mymap
試峠,35.03413,135.660626,京都府,試峠とは、京都府京都市にある道・峠の心霊スポットです。少女、老婆、正体不明の霊が目撃されています。,https://ghostmap.jp/spotdetail.php?spotcd=2858&utm_source=mymap
樫田トンネル,34.964932,135.58797,京都府,樫田トンネルとは、大阪府高槻市にあるトンネルの心霊スポットです。老爺、正体不明、動物の霊が目撃されています。,https://ghostmap.jp/spotdetail.php?spotcd=2862&utm_source=mymap
千島公園(昭和山),34.648962,135.474184,大阪府,千島公園(昭和山)とは、大阪府大阪市にある公園・城跡の心霊スポットです。老婆、少女、正体不明の霊が目撃されています。,https://ghostmap.jp/spotdetail.php?spotcd=2910&utm_source=mymap
乃木神社前公衆トイレ,34.933364,135.775725,滋賀県,乃木神社前公衆トイレとは、京都府京都市にあるその他の心霊スポットです。少女、女性、男性の霊が目撃されています。,https://ghostmap.jp/spotdetail.php?spotcd=2914&utm_source=mymap
大浪橋,34.66342,135.481939,大阪府,大浪橋とは、大阪府大阪市にある橋の心霊スポットです。男性、少女、老爺の霊が目撃されています。,https://ghostmap.jp/spotdetail.php?spotcd=2928&utm_source=mymap
浜寺公園,34.541784,135.439245,大阪府,浜寺公園とは、大阪府堺市にある公園・城跡の心霊スポットです。動物、少女、老爺の霊が目撃されています。,https://ghostmap.jp/spotdetail.php?spotcd=2940&utm_source=mymap
大淀町営公園墓地,34.387705,135.778181,大阪府,大淀町営公園墓地とは、奈良県大淀町にある墓地・慰霊碑の心霊スポットです。女性、少年、少女の霊が目撃されています。,https://ghostmap.jp/spotdetail.php?spotcd=2949&utm_source=mymap
淀川橋梁(赤川鉄橋),34.730503,135.526872,京都府,淀川橋梁(赤川鉄橋)とは、大阪府大阪市にある橋の心霊スポットです。少女、女性、老婆の霊が目撃されています。,https://ghostmap.jp/spotdetail.php?spotcd=2963&utm_source=mymap
木戸池公園,34.510548,135.713156,大阪府,木戸池公園とは、奈良県葛城市にある公園・城跡の心霊スポットです。男性、動物、少女の霊が目撃されています。,https://ghostmap.jp/spotdetail.php?spotcd=2975&utm_source=mymap
農大の化けトン,35.323699,135.240051,京都府,農大の化けトンとは、京都府綾部市にあるトンネルの心霊スポットです。正体不明、女性、少年の霊が目撃されています。,https://ghostmap.jp/spotdetail.php?spotcd=2977&utm_source=mymap
夜逃げ中国人一家の洋館,35.319312,135.225442,京都府,夜逃げ中国人一家の洋館とは、京都府綾部市にある住居の心霊スポットです。正体不明、女性、老婆の霊が目撃されています。,https://ghostmap.jp/spotdetail.php?spotcd=2978&utm_source=mymap
千日墓地,34.7293,135.879625,京都府,千日墓地とは、京都府木津川市にある墓地・慰霊碑の心霊スポットです。老爺、少年、正体不明の霊が目撃されています。,https://ghostmap.jp/spotdetail.php?spotcd=2988&utm_source=mymap
府道47号線付近,34.756722,135.848794,京都府,府道47号線付近とは、京都府木津川市にある道・峠の心霊スポットです。男性、少女、正体不明の霊が目撃されています。,https://ghostmap.jp/spotdetail.php?spotcd=2991&utm_source=mymap
蜻蛉池公園,34.430257,135.425398,大阪府,蜻蛉池公園とは、大阪府岸和田市にある公園・城跡の心霊スポットです。女性、正体不明、動物の霊が目撃されています。,https://ghostmap.jp/spotdetail.php?spotcd=2996&utm_source=mymap
パレ1番町,34.730821,135.375863,大阪府,パレ1番町とは、兵庫県西宮市にある商業施設の心霊スポットです。正体不明、男性、老爺の霊が目撃されています。,https://ghostmap.jp/spotdetail.php?spotcd=3019&utm_source=mymap
光明池と光明池大橋,34.458944,135.484757,大阪府,光明池と光明池大橋とは、大阪府和泉市にある湖（池）・ダムの心霊スポットです。女性、老爺、正体不明の霊が目撃されています。,https://ghostmap.jp/spotdetail.php?spotcd=3020&utm_source=mymap
宝ヶ池狐坂,35.054496,135.777461,京都府,宝ヶ池狐坂とは、京都府京都市にある道・峠の心霊スポットです。正体不明、女性、老婆の霊が目撃されています。,https://ghostmap.jp/spotdetail.php?spotcd=3053&utm_source=mymap
宝池隧道(宝ヶ池トンネル),35.05801,135.777226,京都府,宝池隧道(宝ヶ池トンネル)とは、京都府京都市にあるトンネルの心霊スポットです。老婆、正体不明、少女の霊が目撃されています。,https://ghostmap.jp/spotdetail.php?spotcd=3054&utm_source=mymap
大蓮公園,34.49015,135.511662,大阪府,大蓮公園とは、大阪府堺市にある公園・城跡の心霊スポットです。老爺、動物、女性の霊が目撃されています。,https://ghostmap.jp/spotdetail.php?spotcd=3061&utm_source=mymap
安治川隧道,34.679294,135.467296,大阪府,安治川隧道とは、大阪府大阪市にあるトンネルの心霊スポットです。女性、男性、少年の霊が目撃されています。,https://ghostmap.jp/spotdetail.php?spotcd=3069&utm_source=mymap
小倉池,35.018035,135.669992,京都府,小倉池とは、京都府京都市にある湖（池）・ダムの心霊スポットです。女性、男性、老爺の霊が目撃されています。,https://ghostmap.jp/spotdetail.php?spotcd=3070&utm_source=mymap
大沢の杉の木,34.914792,135.64182,京都府,大沢の杉の木とは、大阪府島本町にある樹木の心霊スポットです。女性、動物、老婆の霊が目撃されています。,https://ghostmap.jp/spotdetail.php?spotcd=3071&utm_source=mymap
猪子山,35.171914,136.167083,滋賀県,猪子山とは、滋賀県東近江市にある山・森の心霊スポットです。少年、女性、動物の霊が目撃されています。,https://ghostmap.jp/spotdetail.php?spotcd=3114&utm_source=mymap
京阪萱島駅のクスノキ,34.747287,135.611388,京都府,京阪萱島駅のクスノキとは、大阪府寝屋川市にある樹木の心霊スポットです。正体不明、少女、女性の霊が目撃されています。,https://ghostmap.jp/spotdetail.php?spotcd=3126&utm_source=mymap
大野池,34.497463,135.456261,大阪府,大野池とは、大阪府和泉市にある湖（池）・ダムの心霊スポットです。少年、老爺、少女の霊が目撃されています。,https://ghostmap.jp/spotdetail.php?spotcd=3133&utm_source=mymap
賤ヶ岳トンネルの旧道にあるトンネル,35.498696,136.194015,滋賀県,賤ヶ岳トンネルの旧道にあるトンネルとは、滋賀県長浜市にあるトンネルの心霊スポットです。男性、老爺、正体不明の霊が目撃されています。,https://ghostmap.jp/spotdetail.php?spotcd=3159&utm_source=mymap
とうかい-406高架下,34.739051,135.376888,大阪府,とうかい-406高架下とは、兵庫県西宮市にあるトンネルの心霊スポットです。男性、正体不明、少女の霊が目撃されています。,https://ghostmap.jp/spotdetail.php?spotcd=3209&utm_source=mymap
六角獄舎の首洗井,35.007345,135.746822,京都府,六角獄舎の首洗井とは、京都府京都市にある墓地・慰霊碑の心霊スポットです。女性、正体不明、男性の霊が目撃されています。,https://ghostmap.jp/spotdetail.php?spotcd=3211&utm_source=mymap
十三大橋,34.71419,135.486027,京都府,十三大橋とは、大阪府大阪市にある橋の心霊スポットです。女性、老婆、正体不明の霊が目撃されています。,https://ghostmap.jp/spotdetail.php?spotcd=3215&utm_source=mymap
善光寺踏切近くの墓地,35.327725,136.298965,滋賀県,善光寺踏切近くの墓地とは、滋賀県米原市にある墓地・慰霊碑の心霊スポットです。正体不明、少女、男性の霊が目撃されています。,https://ghostmap.jp/spotdetail.php?spotcd=3219&utm_source=mymap
水越峠と祈りの滝,34.441168,135.687665,大阪府,水越峠と祈りの滝とは、奈良県御所市にある川・滝の心霊スポットです。動物、少女、正体不明の霊が目撃されています。,https://ghostmap.jp/spotdetail.php?spotcd=3222&utm_source=mymap
水越トンネル,34.439899,135.692395,大阪府,水越トンネルとは、奈良県御所市にあるトンネルの心霊スポットです。老婆、男性、老爺の霊が目撃されています。,https://ghostmap.jp/spotdetail.php?spotcd=3223&utm_source=mymap
牛尾山,34.970277,135.849585,滋賀県,牛尾山とは、京都府京都市にある山・森の心霊スポットです。少女、女性、少年の霊が目撃されています。,https://ghostmap.jp/spotdetail.php?spotcd=3228&utm_source=mymap
円山公園の弁天堂前公衆トイレ,35.003285,135.783322,京都府,円山公園の弁天堂前公衆トイレとは、京都府京都市にある公園・城跡の心霊スポットです。男性、女性、少年の霊が目撃されています。,https://ghostmap.jp/spotdetail.php?spotcd=3240&utm_source=mymap
岩倉児童公園,35.07918,135.782361,京都府,岩倉児童公園とは、京都府京都市にある公園・城跡の心霊スポットです。男性、少女、正体不明の霊が目撃されています。,https://ghostmap.jp/spotdetail.php?spotcd=3246&utm_source=mymap
日吉ダム(天若湖)　,35.147735,135.518053,京都府,日吉ダム(天若湖)　とは、京都府南丹市にある湖（池）・ダムの心霊スポットです。老婆、女性、老爺の霊が目撃されています。,https://ghostmap.jp/spotdetail.php?spotcd=3259&utm_source=mymap
永楽ダム,34.372147,135.375044,大阪府,永楽ダムとは、大阪府熊取町にある湖（池）・ダムの心霊スポットです。少女、男性、女性の霊が目撃されています。,https://ghostmap.jp/spotdetail.php?spotcd=3264&utm_source=mymap
念仏峠,35.451334,135.282336,京都府,念仏峠とは、京都府舞鶴市にある道・峠の心霊スポットです。男性、老爺、正体不明の霊が目撃されています。,https://ghostmap.jp/spotdetail.php?spotcd=3267&utm_source=mymap
粟田口刑場跡,35.000674,135.792963,京都府,粟田口刑場跡とは、京都府京都市にある墓地・慰霊碑の心霊スポットです。男性、老爺、少年の霊が目撃されています。,https://ghostmap.jp/spotdetail.php?spotcd=3273&utm_source=mymap
沢良宜公園 ,34.787953,135.56463,京都府,沢良宜公園 とは、大阪府茨木市にある公園・城跡の心霊スポットです。正体不明、少年、女性の霊が目撃されています。,https://ghostmap.jp/spotdetail.php?spotcd=3279&utm_source=mymap
岩屋山志明院,35.136064,135.70942,京都府,岩屋山志明院とは、京都府京都市にある神社・寺の心霊スポットです。正体不明、女性、男性の霊が目撃されています。,https://ghostmap.jp/spotdetail.php?spotcd=3280&utm_source=mymap
府道40号線の幽霊街道(静原の幽霊),35.09821,135.772673,京都府,府道40号線の幽霊街道(静原の幽霊)とは、京都府京都市にある道・峠の心霊スポットです。老婆、正体不明、女性の霊が目撃されています。,https://ghostmap.jp/spotdetail.php?spotcd=3290&utm_source=mymap
舞鶴クレインブリッジ,35.508548,135.391459,京都府,舞鶴クレインブリッジとは、京都府舞鶴市にある橋の心霊スポットです。少女、老婆、正体不明の霊が目撃されています。,https://ghostmap.jp/spotdetail.php?spotcd=3297&utm_source=mymap
生子トンネル,34.313207,135.708405,大阪府,生子トンネルとは、奈良県五條市にあるトンネルの心霊スポットです。男性、動物、老爺の霊が目撃されています。,https://ghostmap.jp/spotdetail.php?spotcd=3302&utm_source=mymap
五老ヶ岳,35.464812,135.34358,京都府,五老ヶ岳とは、京都府舞鶴市にある公園・城跡の心霊スポットです。正体不明、少女、老婆の霊が目撃されています。,https://ghostmap.jp/spotdetail.php?spotcd=3307&utm_source=mymap
みなとや幽霊子育飴本舗 ,34.997848,135.773742,滋賀県,みなとや幽霊子育飴本舗 とは、京都府京都市にある商業施設の心霊スポットです。少女、正体不明、女性の霊が目撃されています。,https://ghostmap.jp/spotdetail.php?spotcd=3315&utm_source=mymap
石切霊園,34.687763,135.65992,大阪府,石切霊園とは、大阪府東大阪市にある墓地・慰霊碑の心霊スポットです。女性、正体不明、少女の霊が目撃されています。,https://ghostmap.jp/spotdetail.php?spotcd=3324&utm_source=mymap
幣久良橋,34.838677,135.559022,京都府,幣久良橋とは、大阪府茨木市にある橋の心霊スポットです。少年、動物、男性の霊が目撃されています。,https://ghostmap.jp/spotdetail.php?spotcd=3336&utm_source=mymap
黒鳥山公園,34.487324,135.44482,大阪府,黒鳥山公園とは、大阪府和泉市にある公園・城跡の心霊スポットです。正体不明、少年、男性の霊が目撃されています。,https://ghostmap.jp/spotdetail.php?spotcd=3342&utm_source=mymap
須波麻神社,34.704564,135.64983,京都府,須波麻神社とは、大阪府大東市にある神社・寺の心霊スポットです。老爺、正体不明、少女の霊が目撃されています。,https://ghostmap.jp/spotdetail.php?spotcd=3350&utm_source=mymap
豊中5ガード下(江坂トンネル),34.765525,135.496602,京都府,豊中5ガード下(江坂トンネル)とは、大阪府吹田市にあるトンネルの心霊スポットです。正体不明、男性、少年の霊が目撃されています。,https://ghostmap.jp/spotdetail.php?spotcd=3355&utm_source=mymap
黒髪橋,34.701696,135.827668,京都府,黒髪橋とは、奈良県奈良市にある橋の心霊スポットです。女性、老婆、男性の霊が目撃されています。,https://ghostmap.jp/spotdetail.php?spotcd=3359&utm_source=mymap
天王山トンネル,34.899091,135.679732,京都府,天王山トンネルとは、京都府大山崎町にあるトンネルの心霊スポットです。正体不明、男性、老爺の霊が目撃されています。,https://ghostmap.jp/spotdetail.php?spotcd=3363&utm_source=mymap
城北公園の千人塚,34.730574,135.536752,京都府,城北公園の千人塚とは、大阪府大阪市にある墓地・慰霊碑の心霊スポットです。正体不明、少年、少女の霊が目撃されています。,https://ghostmap.jp/spotdetail.php?spotcd=3366&utm_source=mymap
千里万博記念公園,34.814128,135.529518,京都府,千里万博記念公園とは、大阪府吹田市にある公園・城跡の心霊スポットです。男性、正体不明、老爺の霊が目撃されています。,https://ghostmap.jp/spotdetail.php?spotcd=3373&utm_source=mymap
来迎寺,34.764346,135.590955,京都府,来迎寺とは、大阪府守口市にある神社・寺の心霊スポットです。老爺、正体不明、男性の霊が目撃されています。,https://ghostmap.jp/spotdetail.php?spotcd=3379&utm_source=mymap
紫金山公園,34.783367,135.530825,京都府,紫金山公園とは、大阪府吹田市にある公園・城跡の心霊スポットです。女性、老爺、正体不明の霊が目撃されています。,https://ghostmap.jp/spotdetail.php?spotcd=3384&utm_source=mymap
岸部南地下道,34.774573,135.538509,京都府,岸部南地下道とは、大阪府吹田市にある道・峠の心霊スポットです。正体不明、女性、少年の霊が目撃されています。,https://ghostmap.jp/spotdetail.php?spotcd=3389&utm_source=mymap
満池谷墓地から続く霊道,34.750388,135.335302,大阪府,満池谷墓地から続く霊道とは、兵庫県西宮市にある墓地・慰霊碑の心霊スポットです。女性、少女、正体不明の霊が目撃されています。,https://ghostmap.jp/spotdetail.php?spotcd=3393&utm_source=mymap
首洗い井戸(楠木正行公縁の井戸),34.669107,135.650393,大阪府,首洗い井戸(楠木正行公縁の井戸)とは、大阪府東大阪市にある神社・寺の心霊スポットです。男性、正体不明、少女の霊が目撃されています。,https://ghostmap.jp/spotdetail.php?spotcd=3397&utm_source=mymap
白鳥隧道(双鶴通洞) ,35.456651,135.366442,京都府,白鳥隧道(双鶴通洞) とは、京都府舞鶴市にあるトンネルの心霊スポットです。正体不明、女性、少女の霊が目撃されています。,https://ghostmap.jp/spotdetail.php?spotcd=3406&utm_source=mymap
黒髪山の廃墟,34.702692,135.821867,京都府,黒髪山の廃墟とは、奈良県奈良市にある商業施設の心霊スポットです。老爺、男性、正体不明の霊が目撃されています。,https://ghostmap.jp/spotdetail.php?spotcd=3414&utm_source=mymap
東浜公園,34.72135,135.320513,大阪府,東浜公園とは、兵庫県芦屋市にある公園・城跡の心霊スポットです。老爺、正体不明、少女の霊が目撃されています。,https://ghostmap.jp/spotdetail.php?spotcd=3422&utm_source=mymap
宵待橋,34.865226,135.838139,滋賀県,宵待橋とは、京都府宇治田原町にある橋の心霊スポットです。正体不明、動物、男性の霊が目撃されています。,https://ghostmap.jp/spotdetail.php?spotcd=3428&utm_source=mymap
扇町公園,34.702743,135.508275,京都府,扇町公園とは、大阪府大阪市にある公園・城跡の心霊スポットです。少女、正体不明、老爺の霊が目撃されています。,https://ghostmap.jp/spotdetail.php?spotcd=3445&utm_source=mymap
葛木二上神社,34.525713,135.67802,大阪府,葛木二上神社とは、奈良県葛城市にある神社・寺の心霊スポットです。男性、少年、正体不明の霊が目撃されています。,https://ghostmap.jp/spotdetail.php?spotcd=3542&utm_source=mymap
旧愛宕山ケーブル跡,35.048735,135.639135,京都府,旧愛宕山ケーブル跡とは、京都府京都市にある山・森の心霊スポットです。老爺、少女、正体不明の霊が目撃されています。,https://ghostmap.jp/spotdetail.php?spotcd=3598&utm_source=mymap
桜町函道,34.799673,135.466508,京都府,桜町函道とは、大阪府豊中市にあるトンネルの心霊スポットです。正体不明、男性、動物の霊が目撃されています。,https://ghostmap.jp/spotdetail.php?spotcd=3612&utm_source=mymap
ホテル関西「308号室」,34.700569,135.503386,京都府,ホテル関西「308号室」とは、大阪府大阪市にあるホテル・旅館の心霊スポットです。少年、正体不明、老爺の霊が目撃されています。,https://ghostmap.jp/spotdetail.php?spotcd=3625&utm_source=mymap
服部緑地公園,34.780257,135.49098,京都府,服部緑地公園とは、大阪府豊中市にある公園・城跡の心霊スポットです。少女、正体不明、男性の霊が目撃されています。,https://ghostmap.jp/spotdetail.php?spotcd=3639&utm_source=mymap
宝島池公園,34.726659,135.299603,大阪府,宝島池公園とは、兵庫県神戸市にある公園・城跡の心霊スポットです。正体不明、女性、少年の霊が目撃されています。,https://ghostmap.jp/spotdetail.php?spotcd=3666&utm_source=mymap
熊取町七人連続怪死事件現場周辺,34.388642,135.364624,大阪府,熊取町七人連続怪死事件現場周辺とは、大阪府熊取町にある村・集落の心霊スポットです。少年、正体不明、少女の霊が目撃されています。,https://ghostmap.jp/spotdetail.php?spotcd=3667&utm_source=mymap
旧鶴林寺(薬師山鶴林寺) ,34.675464,135.680326,大阪府,旧鶴林寺(薬師山鶴林寺) とは、奈良県生駒市にある神社・寺の心霊スポットです。男性、老婆、老爺の霊が目撃されています。,https://ghostmap.jp/spotdetail.php?spotcd=3686&utm_source=mymap
化野念仏寺,35.026871,135.665079,京都府,化野念仏寺とは、京都府京都市にある墓地・慰霊碑の心霊スポットです。少女、女性、正体不明の霊が目撃されています。,https://ghostmap.jp/spotdetail.php?spotcd=3687&utm_source=mymap
盤滝トンネル,34.79012,135.296155,大阪府,盤滝トンネルとは、兵庫県西宮市にあるトンネルの心霊スポットです。女性、男性、正体不明の霊が目撃されています。,https://ghostmap.jp/spotdetail.php?spotcd=3694&utm_source=mymap
いらなみさん家(跡地),34.764432,135.375809,大阪府,いらなみさん家(跡地)とは、兵庫県尼崎市にある住居の心霊スポットです。正体不明、少年、男性の霊が目撃されています。,https://ghostmap.jp/spotdetail.php?spotcd=3727&utm_source=mymap
長柄橋,34.720854,135.510163,京都府,長柄橋とは、大阪府大阪市にある橋の心霊スポットです。少女、少年、女性の霊が目撃されています。,https://ghostmap.jp/spotdetail.php?spotcd=3729&utm_source=mymap
一条戻橋,35.026271,135.751937,京都府,一条戻橋とは、京都府京都市にある橋の心霊スポットです。男性、女性、動物の霊が目撃されています。,https://ghostmap.jp/spotdetail.php?spotcd=3766&utm_source=mymap
畦の谷の地蔵尊(延命寺),34.352383,135.305514,大阪府,畦の谷の地蔵尊(延命寺)とは、大阪府泉南市にある神社・寺の心霊スポットです。正体不明、少女、男性の霊が目撃されています。,https://ghostmap.jp/spotdetail.php?spotcd=3773&utm_source=mymap
地獄池(いしたちはら公園),34.465442,135.448095,大阪府,地獄池(いしたちはら公園)とは、大阪府和泉市にある公園・城跡の心霊スポットです。少年、女性、正体不明の霊が目撃されています。,https://ghostmap.jp/spotdetail.php?spotcd=3780&utm_source=mymap
ホテル飯盛山荘,34.248308,135.462321,大阪府,ホテル飯盛山荘とは、和歌山県紀の川市にあるホテル・旅館の心霊スポットです。少年、男性、女性の霊が目撃されています。,https://ghostmap.jp/spotdetail.php?spotcd=3789&utm_source=mymap
落合谷橋,34.845424,135.471945,京都府,落合谷橋とは、大阪府箕面市にある橋の心霊スポットです。少年、女性、男性の霊が目撃されています。,https://ghostmap.jp/spotdetail.php?spotcd=3796&utm_source=mymap
福西公園,34.960395,135.68151,京都府,福西公園とは、京都府京都市にある公園・城跡の心霊スポットです。老爺、少年、少女の霊が目撃されています。,https://ghostmap.jp/spotdetail.php?spotcd=3811&utm_source=mymap
ホテル fairy,34.780509,135.212405,大阪府,ホテル fairyとは、兵庫県神戸市にあるホテル・旅館の心霊スポットです。少年、男性、老爺の霊が目撃されています。,https://ghostmap.jp/spotdetail.php?spotcd=3845&utm_source=mymap
真田山陸軍墓地,34.672804,135.528465,大阪府,真田山陸軍墓地とは、大阪府大阪市にある墓地・慰霊碑の心霊スポットです。少年、正体不明、少女の霊が目撃されています。,https://ghostmap.jp/spotdetail.php?spotcd=3853&utm_source=mymap
三島池,35.374717,136.358158,滋賀県,三島池とは、滋賀県米原市にある湖（池）・ダムの心霊スポットです。少女、正体不明、動物の霊が目撃されています。,https://ghostmap.jp/spotdetail.php?spotcd=3866&utm_source=mymap
大岩神社,34.951567,135.792271,滋賀県,大岩神社とは、京都府京都市にある神社・寺の心霊スポットです。少女、女性、老婆の霊が目撃されています。,https://ghostmap.jp/spotdetail.php?spotcd=3871&utm_source=mymap
三条河原と三条大橋,35.009006,135.771562,京都府,三条河原と三条大橋とは、京都府京都市にある川・滝の心霊スポットです。少年、正体不明、少女の霊が目撃されています。,https://ghostmap.jp/spotdetail.php?spotcd=3878&utm_source=mymap
紫竹山稚児ヶ滝不動明王,35.385314,135.312711,京都府,紫竹山稚児ヶ滝不動明王とは、京都府舞鶴市にある川・滝の心霊スポットです。正体不明、男性、女性の霊が目撃されています。,https://ghostmap.jp/spotdetail.php?spotcd=3886&utm_source=mymap
六道珍皇寺,34.998275,135.775419,滋賀県,六道珍皇寺とは、京都府京都市にある神社・寺の心霊スポットです。正体不明、老爺、老婆の霊が目撃されています。,https://ghostmap.jp/spotdetail.php?spotcd=3895&utm_source=mymap
塚口西踏切道,34.752871,135.415013,京都府,塚口西踏切道とは、兵庫県尼崎市にある駅・踏切の心霊スポットです。女性、正体不明、少女の霊が目撃されています。,https://ghostmap.jp/spotdetail.php?spotcd=3910&utm_source=mymap
トラックヤード横にある巨大地蔵,34.752389,135.416778,京都府,トラックヤード横にある巨大地蔵とは、兵庫県尼崎市にある墓地・慰霊碑の心霊スポットです。男性、正体不明、女性の霊が目撃されています。,https://ghostmap.jp/spotdetail.php?spotcd=3911&utm_source=mymap
清水寺,34.994856,135.785045,滋賀県,清水寺とは、京都府京都市にある神社・寺の心霊スポットです。老爺、老婆、少女の霊が目撃されています。,https://ghostmap.jp/spotdetail.php?spotcd=3913&utm_source=mymap
はや山荘,34.705489,135.65036,京都府,はや山荘とは、大阪府大東市にある商業施設の心霊スポットです。女性、少女、老爺の霊が目撃されています。,https://ghostmap.jp/spotdetail.php?spotcd=3915&utm_source=mymap
班女塚,35.00083,135.757384,京都府,班女塚とは、京都府京都市にある墓地・慰霊碑の心霊スポットです。動物、正体不明、老爺の霊が目撃されています。,https://ghostmap.jp/spotdetail.php?spotcd=3922&utm_source=mymap
大原一家心中の場所,35.151666,135.834247,京都府,大原一家心中の場所とは、京都府京都市にある山・森の心霊スポットです。女性、正体不明、男性の霊が目撃されています。,https://ghostmap.jp/spotdetail.php?spotcd=3928&utm_source=mymap
国分寺公園(天六ガス爆発事故犠牲者慰霊碑),34.710039,135.514781,京都府,国分寺公園(天六ガス爆発事故犠牲者慰霊碑)とは、大阪府大阪市にある公園・城跡の心霊スポットです。女性、老婆、老爺の霊が目撃されています。,https://ghostmap.jp/spotdetail.php?spotcd=3933&utm_source=mymap
神戸シェリー六甲,34.780145,135.212245,大阪府,神戸シェリー六甲とは、兵庫県神戸市にあるホテル・旅館の心霊スポットです。老爺、女性、少年の霊が目撃されています。,https://ghostmap.jp/spotdetail.php?spotcd=3934&utm_source=mymap
乙女ヶ池(真珠池),35.289502,136.015,滋賀県,乙女ヶ池(真珠池)とは、滋賀県高島市にある湖（池）・ダムの心霊スポットです。女性、少年、動物の霊が目撃されています。,https://ghostmap.jp/spotdetail.php?spotcd=3980&utm_source=mymap
深見隧道(旧深見トンネル),35.251763,135.638685,京都府,深見隧道(旧深見トンネル)とは、京都府京都市にあるトンネルの心霊スポットです。老爺、少年、老婆の霊が目撃されています。,https://ghostmap.jp/spotdetail.php?spotcd=3982&utm_source=mymap
神呪寺,34.77293,135.329914,大阪府,神呪寺とは、兵庫県西宮市にある神社・寺の心霊スポットです。老爺、老婆、正体不明の霊が目撃されています。,https://ghostmap.jp/spotdetail.php?spotcd=3996&utm_source=mymap
犬飼邸(跡地),34.839648,135.486363,京都府,犬飼邸(跡地)とは、大阪府箕面市にある住居の心霊スポットです。女性、少女、老婆の霊が目撃されています。,https://ghostmap.jp/spotdetail.php?spotcd=4042&utm_source=mymap
大正池,34.45393,135.529609,大阪府,大正池とは、大阪府堺市にある湖（池）・ダムの心霊スポットです。女性、正体不明、男性の霊が目撃されています。,https://ghostmap.jp/spotdetail.php?spotcd=4051&utm_source=mymap
大池納骨堂,34.538498,135.575989,大阪府,大池納骨堂とは、大阪府堺市にある墓地・慰霊碑の心霊スポットです。女性、正体不明、男性の霊が目撃されています。,https://ghostmap.jp/spotdetail.php?spotcd=4063&utm_source=mymap
敦賀気比高等学校,35.645161,136.030741,滋賀県,敦賀気比高等学校とは、福井県敦賀市にある学校の心霊スポットです。少年、少女、正体不明の霊が目撃されています。,https://ghostmap.jp/spotdetail.php?spotcd=4072&utm_source=mymap
一心寺,34.652874,135.510915,大阪府,一心寺とは、大阪府大阪市にある神社・寺の心霊スポットです。少女、女性、正体不明の霊が目撃されています。,https://ghostmap.jp/spotdetail.php?spotcd=4076&utm_source=mymap
うじの隧道,34.423349,135.553405,大阪府,うじの隧道とは、大阪府河内長野市にあるトンネルの心霊スポットです。少年、男性、正体不明の霊が目撃されています。,https://ghostmap.jp/spotdetail.php?spotcd=4086&utm_source=mymap
西大寺近隣公園(正強高校跡地),34.696773,135.783418,大阪府,西大寺近隣公園(正強高校跡地)とは、奈良県奈良市にある公園・城跡の心霊スポットです。少女、女性、少年の霊が目撃されています。,https://ghostmap.jp/spotdetail.php?spotcd=4099&utm_source=mymap
紀見峠入口の電話ボックス,34.384917,135.601391,大阪府,紀見峠入口の電話ボックスとは、大阪府河内長野市にある道・峠の心霊スポットです。正体不明、男性、少年の霊が目撃されています。,https://ghostmap.jp/spotdetail.php?spotcd=4122&utm_source=mymap
大仙公園,34.560178,135.482486,大阪府,大仙公園とは、大阪府堺市にある公園・城跡の心霊スポットです。正体不明、少女、女性の霊が目撃されています。,https://ghostmap.jp/spotdetail.php?spotcd=4134&utm_source=mymap
高野山奥の院 姿見の井戸,34.217539,135.601971,大阪府,高野山奥の院 姿見の井戸とは、和歌山県高野町にあるその他の心霊スポットです。老爺、正体不明、男性の霊が目撃されています。,https://ghostmap.jp/spotdetail.php?spotcd=4142&utm_source=mymap
千里中央公園,34.8129,135.507109,京都府,千里中央公園とは、大阪府豊中市にある公園・城跡の心霊スポットです。男性、女性、正体不明の霊が目撃されています。,https://ghostmap.jp/spotdetail.php?spotcd=4146&utm_source=mymap
大浜公園,34.580093,135.461479,大阪府,大浜公園とは、大阪府堺市にある公園・城跡の心霊スポットです。少年、正体不明、男性の霊が目撃されています。,https://ghostmap.jp/spotdetail.php?spotcd=4156&utm_source=mymap
法円坂,34.681142,135.521268,大阪府,法円坂とは、大阪府大阪市にある道・峠の心霊スポットです。正体不明、少女、女性の霊が目撃されています。,https://ghostmap.jp/spotdetail.php?spotcd=4165&utm_source=mymap
丸全踏切,34.614767,135.601238,大阪府,丸全踏切とは、大阪府八尾市にある駅・踏切の心霊スポットです。少女、正体不明、男性の霊が目撃されています。,https://ghostmap.jp/spotdetail.php?spotcd=4179&utm_source=mymap
安中踏切,34.612519,135.60414,大阪府,安中踏切とは、大阪府八尾市にある駅・踏切の心霊スポットです。老爺、老婆、男性の霊が目撃されています。,https://ghostmap.jp/spotdetail.php?spotcd=4180&utm_source=mymap
ホテルステージ,34.521693,135.436596,大阪府,ホテルステージとは、大阪府高石市にあるホテル・旅館の心霊スポットです。正体不明、少女、少年の霊が目撃されています。,https://ghostmap.jp/spotdetail.php?spotcd=4186&utm_source=mymap
サンホテルやまね,35.496232,135.739808,京都府,サンホテルやまねとは、福井県小浜市にあるホテル・旅館の心霊スポットです。少女、正体不明、女性の霊が目撃されています。,https://ghostmap.jp/spotdetail.php?spotcd=4190&utm_source=mymap
室池,34.723216,135.670515,京都府,室池とは、大阪府四條畷市にある湖（池）・ダムの心霊スポットです。少女、老爺、女性の霊が目撃されています。,https://ghostmap.jp/spotdetail.php?spotcd=4191&utm_source=mymap
市民の森(八尾市),34.615868,135.6396,大阪府,市民の森(八尾市)とは、大阪府八尾市にある山・森の心霊スポットです。男性、老婆、女性の霊が目撃されています。,https://ghostmap.jp/spotdetail.php?spotcd=4197&utm_source=mymap
新老ノ坂トンネル,34.988714,135.63577,京都府,新老ノ坂トンネルとは、京都府亀岡市にあるトンネルの心霊スポットです。少女、男性、正体不明の霊が目撃されています。,https://ghostmap.jp/spotdetail.php?spotcd=4201&utm_source=mymap
二ノ宮神社,34.854081,135.680573,京都府,二ノ宮神社とは、大阪府枚方市にある神社・寺の心霊スポットです。正体不明、男性、女性の霊が目撃されています。,https://ghostmap.jp/spotdetail.php?spotcd=4202&utm_source=mymap
蛇島(船岡山),34.279006,135.4545,大阪府,蛇島(船岡山)とは、和歌山県かつらぎ町にある川・滝の心霊スポットです。少女、動物、正体不明の霊が目撃されています。,https://ghostmap.jp/spotdetail.php?spotcd=4205&utm_source=mymap
洛西竹林公園,34.95842,135.687614,京都府,洛西竹林公園とは、京都府京都市にある公園・城跡の心霊スポットです。男性、老爺、老婆の霊が目撃されています。,https://ghostmap.jp/spotdetail.php?spotcd=4211&utm_source=mymap
八幡屋公園,34.660099,135.446294,大阪府,八幡屋公園とは、大阪府大阪市にある公園・城跡の心霊スポットです。男性、正体不明、少女の霊が目撃されています。,https://ghostmap.jp/spotdetail.php?spotcd=4212&utm_source=mymap
トーテムポールの家,34.695741,135.741829,大阪府,トーテムポールの家とは、奈良県奈良市にある住居の心霊スポットです。老婆、女性、少女の霊が目撃されています。,https://ghostmap.jp/spotdetail.php?spotcd=4245&utm_source=mymap
生駒山お札の家,34.687581,135.675452,大阪府,生駒山お札の家とは、大阪府東大阪市にある山・森の心霊スポットです。男性、老爺、少女の霊が目撃されています。,https://ghostmap.jp/spotdetail.php?spotcd=4246&utm_source=mymap
岸和田市中央公園,34.469961,135.394177,大阪府,岸和田市中央公園とは、大阪府岸和田市にある公園・城跡の心霊スポットです。動物、正体不明、少年の霊が目撃されています。,https://ghostmap.jp/spotdetail.php?spotcd=4256&utm_source=mymap
住吉平田神社,34.733201,135.650025,京都府,住吉平田神社とは、大阪府四條畷市にある神社・寺の心霊スポットです。女性、男性、正体不明の霊が目撃されています。,https://ghostmap.jp/spotdetail.php?spotcd=4268&utm_source=mymap
枚岡の廃神社,34.666517,135.65654,大阪府,枚岡の廃神社とは、大阪府東大阪市にある神社・寺の心霊スポットです。女性、正体不明、動物の霊が目撃されています。,https://ghostmap.jp/spotdetail.php?spotcd=4275&utm_source=mymap
音羽台団地,35.000775,135.865524,滋賀県,音羽台団地とは、滋賀県大津市にある住居の心霊スポットです。少女、老婆、男性の霊が目撃されています。,https://ghostmap.jp/spotdetail.php?spotcd=4281&utm_source=mymap
琵琶湖,35.257719,136.102014,滋賀県,琵琶湖とは、滋賀県高島市にある湖（池）・ダムの心霊スポットです。女性、老爺、少年の霊が目撃されています。,https://ghostmap.jp/spotdetail.php?spotcd=4284&utm_source=mymap
大榮閣(大栄閣),34.342062,135.376074,大阪府,大榮閣(大栄閣)とは、大阪府泉佐野市にあるホテル・旅館の心霊スポットです。少女、正体不明、少年の霊が目撃されています。,https://ghostmap.jp/spotdetail.php?spotcd=4285&utm_source=mymap
阪奈道路の赤い橋,34.701521,135.658015,京都府,阪奈道路の赤い橋とは、大阪府東大阪市にある橋の心霊スポットです。少女、男性、正体不明の霊が目撃されています。,https://ghostmap.jp/spotdetail.php?spotcd=4294&utm_source=mymap
野里住吉神社,34.709376,135.462829,京都府,野里住吉神社とは、大阪府大阪市にある神社・寺の心霊スポットです。少女、動物、正体不明の霊が目撃されています。,https://ghostmap.jp/spotdetail.php?spotcd=4318&utm_source=mymap
日下新池(孔舎衙健康道場跡),34.689684,135.65639,大阪府,日下新池(孔舎衙健康道場跡)とは、大阪府東大阪市にある湖（池）・ダムの心霊スポットです。少女、女性、少年の霊が目撃されています。,https://ghostmap.jp/spotdetail.php?spotcd=4332&utm_source=mymap
矢田峠登り口近くのトンネル,34.226545,135.250836,大阪府,矢田峠登り口近くのトンネルとは、和歌山県和歌山市にあるトンネルの心霊スポットです。少女、少年、正体不明の霊が目撃されています。,https://ghostmap.jp/spotdetail.php?spotcd=4336&utm_source=mymap
西武庫公園(交通公園),34.75921,135.377023,大阪府,西武庫公園(交通公園)とは、兵庫県尼崎市にある公園・城跡の心霊スポットです。男性、動物、少女の霊が目撃されています。,https://ghostmap.jp/spotdetail.php?spotcd=4341&utm_source=mymap
崩池(首吊り池),34.851174,135.560131,京都府,崩池(首吊り池)とは、大阪府茨木市にある湖（池）・ダムの心霊スポットです。老婆、女性、動物の霊が目撃されています。,https://ghostmap.jp/spotdetail.php?spotcd=4345&utm_source=mymap
大阪南港野鳥園,34.636645,135.402435,大阪府,大阪南港野鳥園とは、大阪府大阪市にある公園・城跡の心霊スポットです。正体不明、老爺、少年の霊が目撃されています。,https://ghostmap.jp/spotdetail.php?spotcd=4356&utm_source=mymap
奥天野温泉 茶花の里,34.416638,135.535146,大阪府,奥天野温泉 茶花の里とは、大阪府河内長野市にある商業施設の心霊スポットです。正体不明、男性、老爺の霊が目撃されています。,https://ghostmap.jp/spotdetail.php?spotcd=4366&utm_source=mymap
杉村公園,34.342824,135.598903,大阪府,杉村公園とは、和歌山県橋本市にある公園・城跡の心霊スポットです。正体不明、動物、老婆の霊が目撃されています。,https://ghostmap.jp/spotdetail.php?spotcd=4370&utm_source=mymap
東雲公園,34.578805,135.497566,大阪府,東雲公園とは、大阪府堺市にある公園・城跡の心霊スポットです。正体不明、男性、動物の霊が目撃されています。,https://ghostmap.jp/spotdetail.php?spotcd=4377&utm_source=mymap
林病院(摂津の廃病院),34.782085,135.586034,京都府,林病院(摂津の廃病院)とは、大阪府摂津市にある病院の心霊スポットです。少女、女性、正体不明の霊が目撃されています。,https://ghostmap.jp/spotdetail.php?spotcd=4387&utm_source=mymap
飯盛山の廃キャンプ場,34.716093,135.653475,京都府,飯盛山の廃キャンプ場とは、大阪府大東市にある山・森の心霊スポットです。少年、女性、少女の霊が目撃されています。,https://ghostmap.jp/spotdetail.php?spotcd=4398&utm_source=mymap
八瀬の皆殺しの館(八瀬一家心中の家),35.071051,135.810179,京都府,八瀬の皆殺しの館(八瀬一家心中の家)とは、京都府京都市にある住居の心霊スポットです。女性、正体不明、少女の霊が目撃されています。,https://ghostmap.jp/spotdetail.php?spotcd=4400&utm_source=mymap
かじか荘,34.874568,135.589545,京都府,かじか荘とは、大阪府高槻市にあるホテル・旅館の心霊スポットです。男性、女性、正体不明の霊が目撃されています。,https://ghostmap.jp/spotdetail.php?spotcd=4407&utm_source=mymap
富田村踏切,34.835304,135.589312,京都府,富田村踏切とは、大阪府高槻市にある駅・踏切の心霊スポットです。女性、男性、老爺の霊が目撃されています。,https://ghostmap.jp/spotdetail.php?spotcd=4433&utm_source=mymap
摂津峡,34.880662,135.586132,京都府,摂津峡とは、大阪府高槻市にある川・滝の心霊スポットです。少年、男性、女性の霊が目撃されています。,https://ghostmap.jp/spotdetail.php?spotcd=4459&utm_source=mymap
深北緑地,34.72639,135.628855,京都府,深北緑地とは、大阪府大東市にある公園・城跡の心霊スポットです。正体不明、老爺、男性の霊が目撃されています。,https://ghostmap.jp/spotdetail.php?spotcd=4470&utm_source=mymap
ホテルあい,34.405504,135.798484,大阪府,ホテルあいとは、奈良県大淀町にあるホテル・旅館の心霊スポットです。正体不明、女性、少女の霊が目撃されています。,https://ghostmap.jp/spotdetail.php?spotcd=4472&utm_source=mymap
千里川土手,34.77146,135.453562,京都府,千里川土手とは、大阪府豊中市にある道・峠の心霊スポットです。女性、少女、男性の霊が目撃されています。,https://ghostmap.jp/spotdetail.php?spotcd=4480&utm_source=mymap
新大阪駅西の地下道(ほっぽう002),34.729588,135.488407,京都府,新大阪駅西の地下道(ほっぽう002)とは、大阪府大阪市にあるトンネルの心霊スポットです。少女、正体不明、男性の霊が目撃されています。,https://ghostmap.jp/spotdetail.php?spotcd=4499&utm_source=mymap
玉川峡,34.276368,135.633774,大阪府,玉川峡とは、和歌山県九度山町にある川・滝の心霊スポットです。正体不明、少年、少女の霊が目撃されています。,https://ghostmap.jp/spotdetail.php?spotcd=4506&utm_source=mymap
米崎踏切,34.736191,135.640905,京都府,米崎踏切とは、大阪府四條畷市にある駅・踏切の心霊スポットです。男性、正体不明、少女の霊が目撃されています。,https://ghostmap.jp/spotdetail.php?spotcd=4519&utm_source=mymap
住之江公園,34.611094,135.474625,大阪府,住之江公園とは、大阪府大阪市にある公園・城跡の心霊スポットです。正体不明、少女、男性の霊が目撃されています。,https://ghostmap.jp/spotdetail.php?spotcd=4527&utm_source=mymap
二色の浜海水浴場,34.437448,135.334808,大阪府,二色の浜海水浴場とは、大阪府貝塚市にある海の心霊スポットです。老爺、男性、女性の霊が目撃されています。,https://ghostmap.jp/spotdetail.php?spotcd=4537&utm_source=mymap
中山池(平和台公園),35.005848,135.565772,京都府,中山池(平和台公園)とは、京都府亀岡市にある湖（池）・ダムの心霊スポットです。正体不明、男性、老婆の霊が目撃されています。,https://ghostmap.jp/spotdetail.php?spotcd=4544&utm_source=mymap
千鳥ヶ丘公園(雨壺山),35.256771,136.249614,滋賀県,千鳥ヶ丘公園(雨壺山)とは、滋賀県彦根市にある公園・城跡の心霊スポットです。男性、動物、女性の霊が目撃されています。,https://ghostmap.jp/spotdetail.php?spotcd=4552&utm_source=mymap
桃ヶ池公園,34.630523,135.521463,大阪府,桃ヶ池公園とは、大阪府大阪市にある公園・城跡の心霊スポットです。男性、正体不明、少女の霊が目撃されています。,https://ghostmap.jp/spotdetail.php?spotcd=4596&utm_source=mymap
裏六甲ドライブウェイ,34.763641,135.223323,大阪府,裏六甲ドライブウェイとは、兵庫県神戸市にある道・峠の心霊スポットです。少年、正体不明、女性の霊が目撃されています。,https://ghostmap.jp/spotdetail.php?spotcd=4608&utm_source=mymap
天野山展望台,34.426355,135.534044,大阪府,天野山展望台とは、大阪府河内長野市にある山・森の心霊スポットです。女性、正体不明、男性の霊が目撃されています。,https://ghostmap.jp/spotdetail.php?spotcd=4646&utm_source=mymap
遊女之墓,34.371256,135.389681,大阪府,遊女之墓とは、大阪府貝塚市にある墓地・慰霊碑の心霊スポットです。男性、少女、正体不明の霊が目撃されています。,https://ghostmap.jp/spotdetail.php?spotcd=4654&utm_source=mymap
枚方学研ICのアンダーパス,34.808128,135.710669,滋賀県,枚方学研ICのアンダーパスとは、大阪府枚方市にあるトンネルの心霊スポットです。少女、少年、正体不明の霊が目撃されています。,https://ghostmap.jp/spotdetail.php?spotcd=4662&utm_source=mymap
香里ヶ丘南公園(ガイコツ山),34.786327,135.645349,京都府,香里ヶ丘南公園(ガイコツ山)とは、大阪府枚方市にある公園・城跡の心霊スポットです。少女、少年、正体不明の霊が目撃されています。,https://ghostmap.jp/spotdetail.php?spotcd=4676&utm_source=mymap
一庫ダム近くの廃屋,34.932693,135.409592,京都府,一庫ダム近くの廃屋とは、兵庫県猪名川町にある住居の心霊スポットです。少女、少年、男性の霊が目撃されています。,https://ghostmap.jp/spotdetail.php?spotcd=4684&utm_source=mymap
東高津公園,34.668492,135.522803,大阪府,東高津公園とは、大阪府大阪市にある公園・城跡の心霊スポットです。男性、老婆、少年の霊が目撃されています。,https://ghostmap.jp/spotdetail.php?spotcd=4686&utm_source=mymap
枚方大橋南の自転車道トンネル,34.80957,135.632525,京都府,枚方大橋南の自転車道トンネルとは、大阪府枚方市にあるトンネルの心霊スポットです。男性、正体不明、女性の霊が目撃されています。,https://ghostmap.jp/spotdetail.php?spotcd=4695&utm_source=mymap
枚方大橋南側の空地,34.809707,135.632145,京都府,枚方大橋南側の空地とは、大阪府枚方市にあるその他の心霊スポットです。男性、正体不明、女性の霊が目撃されています。,https://ghostmap.jp/spotdetail.php?spotcd=4696&utm_source=mymap
黒髪山排水機場,34.701067,135.821385,京都府,黒髪山排水機場とは、奈良県奈良市にあるその他の心霊スポットです。少年、正体不明、男性の霊が目撃されています。,https://ghostmap.jp/spotdetail.php?spotcd=4699&utm_source=mymap
枚方大橋,34.814057,135.632615,京都府,枚方大橋とは、大阪府高槻市にある橋の心霊スポットです。老爺、老婆、女性の霊が目撃されています。,https://ghostmap.jp/spotdetail.php?spotcd=4732&utm_source=mymap
ぐる坂,34.793696,135.66248,京都府,ぐる坂とは、大阪府枚方市にある道・峠の心霊スポットです。男性、正体不明、少年の霊が目撃されています。,https://ghostmap.jp/spotdetail.php?spotcd=4742&utm_source=mymap
飯盛,35.490939,135.697564,京都府,飯盛とは、福井県小浜市にある海の心霊スポットです。老婆、女性、少女の霊が目撃されています。,https://ghostmap.jp/spotdetail.php?spotcd=4748&utm_source=mymap
ホテルフリージア,34.716673,135.679274,京都府,ホテルフリージアとは、大阪府四條畷市にあるホテル・旅館の心霊スポットです。老婆、男性、老爺の霊が目撃されています。,https://ghostmap.jp/spotdetail.php?spotcd=4756&utm_source=mymap
南草津駅,35.003476,135.946784,滋賀県,南草津駅とは、滋賀県草津市にある駅・踏切の心霊スポットです。男性、女性、正体不明の霊が目撃されています。,https://ghostmap.jp/spotdetail.php?spotcd=4757&utm_source=mymap
ロクハ公園,34.99664,135.968599,滋賀県,ロクハ公園とは、滋賀県草津市にある公園・城跡の心霊スポットです。女性、少女、正体不明の霊が目撃されています。,https://ghostmap.jp/spotdetail.php?spotcd=4758&utm_source=mymap
高砂公園,34.53893,135.406063,大阪府,高砂公園とは、大阪府高石市にある公園・城跡の心霊スポットです。男性、女性、正体不明の霊が目撃されています。,https://ghostmap.jp/spotdetail.php?spotcd=4770&utm_source=mymap
河内七面山神社の洞窟,34.690979,135.665174,大阪府,河内七面山神社の洞窟とは、大阪府東大阪市にある山・森の心霊スポットです。少女、女性、正体不明の霊が目撃されています。,https://ghostmap.jp/spotdetail.php?spotcd=4784&utm_source=mymap
裏芝池,34.32882,135.260915,大阪府,裏芝池とは、大阪府阪南市にある湖（池）・ダムの心霊スポットです。女性、少年、老婆の霊が目撃されています。,https://ghostmap.jp/spotdetail.php?spotcd=4798&utm_source=mymap
回復センター和歌山,34.240926,135.243761,大阪府,回復センター和歌山とは、和歌山県和歌山市にある商業施設の心霊スポットです。少女、正体不明、少年の霊が目撃されています。,https://ghostmap.jp/spotdetail.php?spotcd=4806&utm_source=mymap
錦織公園,34.482723,135.570687,大阪府,錦織公園とは、大阪府富田林市にある公園・城跡の心霊スポットです。少女、少年、老婆の霊が目撃されています。,https://ghostmap.jp/spotdetail.php?spotcd=4817&utm_source=mymap
大阪大谷大学裏のトンネル,34.481525,135.577971,大阪府,大阪大谷大学裏のトンネルとは、大阪府富田林市にあるトンネルの心霊スポットです。男性、女性、正体不明の霊が目撃されています。,https://ghostmap.jp/spotdetail.php?spotcd=4818&utm_source=mymap
吉田山公園,35.024611,135.786027,京都府,吉田山公園とは、京都府京都市にある公園・城跡の心霊スポットです。老婆、女性、正体不明の霊が目撃されています。,https://ghostmap.jp/spotdetail.php?spotcd=4822&utm_source=mymap
堀切隧道,34.463841,135.632725,大阪府,堀切隧道とは、大阪府千早赤阪村にあるトンネルの心霊スポットです。男性、女性、正体不明の霊が目撃されています。,https://ghostmap.jp/spotdetail.php?spotcd=4829&utm_source=mymap
総持寺駅,34.827081,135.584503,京都府,総持寺駅とは、大阪府茨木市にある駅・踏切の心霊スポットです。老爺、女性、少女の霊が目撃されています。,https://ghostmap.jp/spotdetail.php?spotcd=4836&utm_source=mymap
清阪峠,34.916867,135.556842,京都府,清阪峠とは、大阪府茨木市にある道・峠の心霊スポットです。女性、少年、正体不明の霊が目撃されています。,https://ghostmap.jp/spotdetail.php?spotcd=4863&utm_source=mymap
菅原道踏切,34.745199,135.531105,京都府,菅原道踏切とは、大阪府大阪市にある駅・踏切の心霊スポットです。男性、女性、正体不明の霊が目撃されています。,https://ghostmap.jp/spotdetail.php?spotcd=4879&utm_source=mymap
清滝大神宮社,35.442246,135.016447,京都府,清滝大神宮社とは、兵庫県豊岡市にある神社・寺の心霊スポットです。正体不明、男性、少年の霊が目撃されています。,https://ghostmap.jp/spotdetail.php?spotcd=4889&utm_source=mymap
郡山公園,34.8284,135.547043,京都府,郡山公園とは、大阪府茨木市にある公園・城跡の心霊スポットです。正体不明、少女、少年の霊が目撃されています。,https://ghostmap.jp/spotdetail.php?spotcd=4895&utm_source=mymap
若一神社,34.98442,135.732796,滋賀県,若一神社とは、京都府京都市にある神社・寺の心霊スポットです。少年、正体不明、少女の霊が目撃されています。,https://ghostmap.jp/spotdetail.php?spotcd=4925&utm_source=mymap
ホテル5th avenue,34.779105,135.21111,大阪府,ホテル5th avenueとは、兵庫県神戸市にあるホテル・旅館の心霊スポットです。女性、老爺、少女の霊が目撃されています。,https://ghostmap.jp/spotdetail.php?spotcd=4949&utm_source=mymap
西成線列車脱線火災事故,34.673587,135.444189,大阪府,西成線列車脱線火災事故とは、大阪府大阪市にある駅・踏切の心霊スポットです。女性、老婆、少女の霊が目撃されています。,https://ghostmap.jp/spotdetail.php?spotcd=4957&utm_source=mymap
敦賀国際スキー場,35.536999,136.097223,滋賀県,敦賀国際スキー場とは、福井県敦賀市にある商業施設の心霊スポットです。正体不明、男性、少女の霊が目撃されています。,https://ghostmap.jp/spotdetail.php?spotcd=5108&utm_source=mymap
賤ヶ岳,35.50606,136.192768,滋賀県,賤ヶ岳とは、滋賀県長浜市にある山・森の心霊スポットです。正体不明、少女、老婆の霊が目撃されています。,https://ghostmap.jp/spotdetail.php?spotcd=5109&utm_source=mymap
十四春旅館,34.9984,135.758666,滋賀県,十四春旅館とは、京都府京都市にあるホテル・旅館の心霊スポットです。正体不明、動物、男性の霊が目撃されています。,https://ghostmap.jp/spotdetail.php?spotcd=5119&utm_source=mymap
アクタ西宮,34.746867,135.357732,大阪府,アクタ西宮とは、兵庫県西宮市にある商業施設の心霊スポットです。少年、正体不明、少女の霊が目撃されています。,https://ghostmap.jp/spotdetail.php?spotcd=5120&utm_source=mymap
水野病院,34.723772,135.531566,京都府,水野病院とは、大阪府大阪市にある病院の心霊スポットです。少女、正体不明、少年の霊が目撃されています。,https://ghostmap.jp/spotdetail.php?spotcd=5128&utm_source=mymap
エキスポランド,34.805118,135.535252,京都府,エキスポランドとは、大阪府吹田市にある遊園地の心霊スポットです。女性、少女、正体不明の霊が目撃されています。,https://ghostmap.jp/spotdetail.php?spotcd=5169&utm_source=mymap
旧 高木山バス停,34.859226,135.542325,京都府,旧 高木山バス停とは、大阪府茨木市にあるその他の心霊スポットです。老爺、正体不明、男性の霊が目撃されています。,https://ghostmap.jp/spotdetail.php?spotcd=5174&utm_source=mymap
郡津5号踏切,34.790151,135.673154,京都府,郡津5号踏切とは、大阪府交野市にある駅・踏切の心霊スポットです。女性、正体不明、少女の霊が目撃されています。,https://ghostmap.jp/spotdetail.php?spotcd=5179&utm_source=mymap
落合集落,35.267912,136.352981,滋賀県,落合集落とは、滋賀県多賀町にある村・集落の心霊スポットです。正体不明、老爺、老婆の霊が目撃されています。,https://ghostmap.jp/spotdetail.php?spotcd=5193&utm_source=mymap
出戸バスターミナル,34.609475,135.565479,大阪府,出戸バスターミナルとは、大阪府大阪市にあるその他の心霊スポットです。正体不明、女性、男性の霊が目撃されています。,https://ghostmap.jp/spotdetail.php?spotcd=5246&utm_source=mymap
極楽橋,34.770313,135.648011,京都府,極楽橋とは、大阪府寝屋川市にある橋の心霊スポットです。老爺、少女、男性の霊が目撃されています。,https://ghostmap.jp/spotdetail.php?spotcd=5256&utm_source=mymap
スーパー玉出　今里店,34.6624,135.541433,大阪府,スーパー玉出　今里店とは、大阪府大阪市にある商業施設の心霊スポットです。男性、女性、少年の霊が目撃されています。,https://ghostmap.jp/spotdetail.php?spotcd=5260&utm_source=mymap
大歳神社,34.610378,135.494577,大阪府,大歳神社とは、大阪府大阪市にある神社・寺の心霊スポットです。女性、正体不明、少女の霊が目撃されています。,https://ghostmap.jp/spotdetail.php?spotcd=5263&utm_source=mymap
ホテル阪神大阪,34.697075,135.487852,大阪府,ホテル阪神大阪とは、大阪府大阪市にあるホテル・旅館の心霊スポットです。男性、正体不明、少年の霊が目撃されています。,https://ghostmap.jp/spotdetail.php?spotcd=5275&utm_source=mymap
飛田新地,34.643628,135.505979,大阪府,飛田新地とは、大阪府大阪市にある商業施設の心霊スポットです。正体不明、少女、男性の霊が目撃されています。,https://ghostmap.jp/spotdetail.php?spotcd=5304&utm_source=mymap
難波千日前,34.667097,135.504242,大阪府,難波千日前とは、大阪府大阪市にある商業施設の心霊スポットです。女性、少女、正体不明の霊が目撃されています。,https://ghostmap.jp/spotdetail.php?spotcd=5315&utm_source=mymap
摂津市平和公園 祈る子,34.782151,135.559089,京都府,摂津市平和公園 祈る子とは、大阪府摂津市にある公園・城跡の心霊スポットです。少女、女性、正体不明の霊が目撃されています。,https://ghostmap.jp/spotdetail.php?spotcd=5322&utm_source=mymap
鳥飼大橋,34.758132,135.573521,京都府,鳥飼大橋とは、大阪府守口市にある橋の心霊スポットです。男性、正体不明、女性の霊が目撃されています。,https://ghostmap.jp/spotdetail.php?spotcd=5330&utm_source=mymap
森之宮団地,34.685402,135.539043,大阪府,森之宮団地とは、大阪府大阪市にある住居の心霊スポットです。老婆、男性、少女の霊が目撃されています。,https://ghostmap.jp/spotdetail.php?spotcd=5333&utm_source=mymap
笠ハリサキ線アンダーパス,34.549734,135.735753,大阪府,笠ハリサキ線アンダーパスとは、奈良県広陵町にあるトンネルの心霊スポットです。女性、正体不明、老爺の霊が目撃されています。,https://ghostmap.jp/spotdetail.php?spotcd=5335&utm_source=mymap
菅原城北大橋,34.73321,135.536356,京都府,菅原城北大橋とは、大阪府大阪市にある橋の心霊スポットです。男性、女性、正体不明の霊が目撃されています。,https://ghostmap.jp/spotdetail.php?spotcd=5341&utm_source=mymap
黒髪山の墓地,34.701674,135.820091,京都府,黒髪山の墓地とは、奈良県奈良市にある墓地・慰霊碑の心霊スポットです。老婆、男性、正体不明の霊が目撃されています。,https://ghostmap.jp/spotdetail.php?spotcd=5342&utm_source=mymap
瓜破霊園,34.604187,135.56198,大阪府,瓜破霊園とは、大阪府大阪市にある墓地・慰霊碑の心霊スポットです。少女、女性、正体不明の霊が目撃されています。,https://ghostmap.jp/spotdetail.php?spotcd=5349&utm_source=mymap
若山神社(桜井駅跡),34.881029,135.663643,京都府,若山神社(桜井駅跡)とは、大阪府島本町にある公園・城跡の心霊スポットです。老爺、男性、正体不明の霊が目撃されています。,https://ghostmap.jp/spotdetail.php?spotcd=5395&utm_source=mymap
大阪市立旭東中学校,34.717377,135.562388,京都府,大阪市立旭東中学校とは、大阪府大阪市にある学校の心霊スポットです。老爺、少年、女性の霊が目撃されています。,https://ghostmap.jp/spotdetail.php?spotcd=5469&utm_source=mymap
諏訪神社付近の雑木林,34.840594,135.732828,滋賀県,諏訪神社付近の雑木林とは、京都府京田辺市にある山・森の心霊スポットです。老爺、女性、老婆の霊が目撃されています。,https://ghostmap.jp/spotdetail.php?spotcd=5509&utm_source=mymap
御斎峠,34.803514,136.07003,滋賀県,御斎峠とは、滋賀県甲賀市にある道・峠の心霊スポットです。老婆、少年、正体不明の霊が目撃されています。,https://ghostmap.jp/spotdetail.php?spotcd=5517&utm_source=mymap
四條畷学園高校,34.731208,135.64049,京都府,四條畷学園高校とは、大阪府大東市にある学校の心霊スポットです。正体不明、老爺、少女の霊が目撃されています。,https://ghostmap.jp/spotdetail.php?spotcd=5613&utm_source=mymap
三津屋の廃墟,34.727118,135.476047,京都府,三津屋の廃墟とは、大阪府大阪市にあるその他の心霊スポットです。男性、正体不明、少女の霊が目撃されています。,https://ghostmap.jp/spotdetail.php?spotcd=5682&utm_source=mymap
湖北隧道,35.503369,136.15784,滋賀県,湖北隧道とは、滋賀県長浜市にあるトンネルの心霊スポットです。老婆、正体不明、女性の霊が目撃されています。,https://ghostmap.jp/spotdetail.php?spotcd=5715&utm_source=mymap
座り込む男性,34.740568,135.788875,京都府,座り込む男性とは、京都府木津川市にある公園・城跡の心霊スポットです。老爺、正体不明、男性の霊が目撃されています。,https://ghostmap.jp/spotdetail.php?spotcd=5725&utm_source=mymap
禁野車塚古墳,34.81083,135.657039,京都府,禁野車塚古墳とは、大阪府枚方市にある墓地・慰霊碑の心霊スポットです。少女、動物、正体不明の霊が目撃されています。,https://ghostmap.jp/spotdetail.php?spotcd=5750&utm_source=mymap
箕面隧道,34.861986,135.479301,京都府,箕面隧道とは、大阪府箕面市にあるトンネルの心霊スポットです。少女、正体不明、少年の霊が目撃されています。,https://ghostmap.jp/spotdetail.php?spotcd=5767&utm_source=mymap
箕面川ダム近くの廃橋,34.865233,135.478327,京都府,箕面川ダム近くの廃橋とは、大阪府箕面市にある橋の心霊スポットです。男性、老爺、正体不明の霊が目撃されています。,https://ghostmap.jp/spotdetail.php?spotcd=5789&utm_source=mymap
第2蓮池踏切,35.381118,136.26389,滋賀県,第2蓮池踏切とは、滋賀県長浜市にある駅・踏切の心霊スポットです。男性、正体不明、女性の霊が目撃されています。,https://ghostmap.jp/spotdetail.php?spotcd=5815&utm_source=mymap
恩智惣池(総池),34.606464,135.640007,大阪府,恩智惣池(総池)とは、大阪府八尾市にある湖（池）・ダムの心霊スポットです。男性、女性、正体不明の霊が目撃されています。,https://ghostmap.jp/spotdetail.php?spotcd=5826&utm_source=mymap
龍潭寺,35.282786,136.26641,滋賀県,龍潭寺とは、滋賀県彦根市にある神社・寺の心霊スポットです。老婆、正体不明、老爺の霊が目撃されています。,https://ghostmap.jp/spotdetail.php?spotcd=5889&utm_source=mymap
枚方公済病院の裏の道,34.819383,135.711334,滋賀県,枚方公済病院の裏の道とは、大阪府枚方市にある道・峠の心霊スポットです。正体不明、男性、女性の霊が目撃されています。,https://ghostmap.jp/spotdetail.php?spotcd=5984&utm_source=mymap
墨染ダム,34.945725,135.767545,滋賀県,墨染ダムとは、京都府京都市にある湖（池）・ダムの心霊スポットです。女性、男性、正体不明の霊が目撃されています。,https://ghostmap.jp/spotdetail.php?spotcd=5997&utm_source=mymap
鶴橋商店街,34.665687,135.531549,大阪府,鶴橋商店街とは、大阪府大阪市にある商業施設の心霊スポットです。女性、正体不明、少女の霊が目撃されています。,https://ghostmap.jp/spotdetail.php?spotcd=6001&utm_source=mymap
中之島公園,34.691336,135.512069,大阪府,中之島公園とは、大阪府大阪市にある公園・城跡の心霊スポットです。女性、正体不明、少女の霊が目撃されています。,https://ghostmap.jp/spotdetail.php?spotcd=6003&utm_source=mymap
ホテルロマン,34.718504,135.485036,京都府,ホテルロマンとは、大阪府大阪市にあるホテル・旅館の心霊スポットです。少女、女性、男性の霊が目撃されています。,https://ghostmap.jp/spotdetail.php?spotcd=6029&utm_source=mymap
亀山公園,35.015183,135.671325,京都府,亀山公園とは、京都府京都市にある公園・城跡の心霊スポットです。正体不明、男性、女性の霊が目撃されています。,https://ghostmap.jp/spotdetail.php?spotcd=6033&utm_source=mymap
佐和山入口近くの池,35.2829,136.265502,滋賀県,佐和山入口近くの池とは、滋賀県彦根市にある湖（池）・ダムの心霊スポットです。少女、女性、動物の霊が目撃されています。,https://ghostmap.jp/spotdetail.php?spotcd=6039&utm_source=mymap
ユニバーサル・スタジオ・ジャパン(USJ),34.665688,135.432308,大阪府,ユニバーサル・スタジオ・ジャパン(USJ)とは、大阪府大阪市にある遊園地の心霊スポットです。少女、女性、男性の霊が目撃されています。,https://ghostmap.jp/spotdetail.php?spotcd=6054&utm_source=mymap
稚児ヶ池,34.994157,135.790454,滋賀県,稚児ヶ池とは、京都府京都市にある湖（池）・ダムの心霊スポットです。男性、正体不明、少年の霊が目撃されています。,https://ghostmap.jp/spotdetail.php?spotcd=6057&utm_source=mymap
亀岡17号函渠,35.039596,135.539897,京都府,亀岡17号函渠とは、京都府亀岡市にあるトンネルの心霊スポットです。老爺、動物、女性の霊が目撃されています。,https://ghostmap.jp/spotdetail.php?spotcd=6058&utm_source=mymap
伊丹坂トンネルと伊丹緑地,34.791387,135.416775,京都府,伊丹坂トンネルと伊丹緑地とは、兵庫県伊丹市にあるトンネルの心霊スポットです。正体不明、男性、女性の霊が目撃されています。,https://ghostmap.jp/spotdetail.php?spotcd=6059&utm_source=mymap
止々呂美の廃墟群,34.86504,135.461165,京都府,止々呂美の廃墟群とは、大阪府箕面市にある住居の心霊スポットです。老婆、正体不明、老爺の霊が目撃されています。,https://ghostmap.jp/spotdetail.php?spotcd=6061&utm_source=mymap
霊法山鬼法教,35.099318,135.795908,京都府,霊法山鬼法教とは、京都府京都市にある神社・寺の心霊スポットです。少年、老爺、動物の霊が目撃されています。,https://ghostmap.jp/spotdetail.php?spotcd=6068&utm_source=mymap
古江公園,34.813796,135.513309,京都府,古江公園とは、大阪府吹田市にある公園・城跡の心霊スポットです。男性、正体不明、少年の霊が目撃されています。,https://ghostmap.jp/spotdetail.php?spotcd=6075&utm_source=mymap
和泉市の道中,34.434095,135.449927,大阪府,和泉市の道中とは、大阪府和泉市にある道・峠の心霊スポットです。女性、正体不明、男性の霊が目撃されています。,https://ghostmap.jp/spotdetail.php?spotcd=6107&utm_source=mymap
清滝フィールドアスレチック跡,35.038749,135.653752,京都府,清滝フィールドアスレチック跡とは、京都府京都市にある遊園地の心霊スポットです。動物、正体不明、女性の霊が目撃されています。,https://ghostmap.jp/spotdetail.php?spotcd=6116&utm_source=mymap
SOSやめてください,34.794189,135.550384,京都府,SOSやめてくださいとは、大阪府吹田市にある学校の心霊スポットです。正体不明、少女、女性の霊が目撃されています。,https://ghostmap.jp/spotdetail.php?spotcd=6117&utm_source=mymap
旧生駒トンネル近くの廃屋,34.688682,135.657781,大阪府,旧生駒トンネル近くの廃屋とは、大阪府東大阪市にある住居の心霊スポットです。正体不明、男性、女性の霊が目撃されています。,https://ghostmap.jp/spotdetail.php?spotcd=6132&utm_source=mymap
猪名寺の廃寺跡,34.76923,135.426222,京都府,猪名寺の廃寺跡とは、兵庫県尼崎市にある神社・寺の心霊スポットです。正体不明、男性、女性の霊が目撃されています。,https://ghostmap.jp/spotdetail.php?spotcd=6148&utm_source=mymap
牛ノ尾踏切,35.403472,136.261876,滋賀県,牛ノ尾踏切とは、滋賀県長浜市にある駅・踏切の心霊スポットです。男性、少年の霊が目撃されています。,https://ghostmap.jp/spotdetail.php?spotcd=6207&utm_source=mymap
舟戸山,34.591706,135.713792,大阪府,舟戸山とは、奈良県王寺町にある山・森の心霊スポットです。動物、正体不明、男性の霊が目撃されています。,https://ghostmap.jp/spotdetail.php?spotcd=6230&utm_source=mymap
杉本隧道,35.559668,136.240183,滋賀県,杉本隧道とは、滋賀県長浜市にあるトンネルの心霊スポットです。少年、男性の霊が目撃されています。,https://ghostmap.jp/spotdetail.php?spotcd=6240&utm_source=mymap
大阪市中央公会堂,34.693555,135.503997,大阪府,大阪市中央公会堂とは、大阪府大阪市にあるその他の心霊スポットです。少女、正体不明、男性の霊が目撃されています。,https://ghostmap.jp/spotdetail.php?spotcd=6291&utm_source=mymap
平等院鳳凰堂,34.889288,135.807681,滋賀県,平等院鳳凰堂とは、京都府宇治市にある神社・寺の心霊スポットです。動物、男性、正体不明の霊が目撃されています。,https://ghostmap.jp/spotdetail.php?spotcd=6300&utm_source=mymap
伏見稲荷大社,34.967843,135.778999,滋賀県,伏見稲荷大社とは、京都府京都市にある神社・寺の心霊スポットです。少年、老爺、女性の霊が目撃されています。,https://ghostmap.jp/spotdetail.php?spotcd=6308&utm_source=mymap
豊浦橋,34.670947,135.656648,大阪府,豊浦橋とは、大阪府東大阪市にある橋の心霊スポットです。女性、少女、正体不明の霊が目撃されています。,https://ghostmap.jp/spotdetail.php?spotcd=6311&utm_source=mymap
三ッ寺会館,34.670427,135.499284,大阪府,三ッ寺会館とは、大阪府大阪市にある商業施設の心霊スポットです。少女、女性、男性の霊が目撃されています。,https://ghostmap.jp/spotdetail.php?spotcd=6340&utm_source=mymap
四天王寺大和霊園,34.689789,135.73265,大阪府,四天王寺大和霊園とは、奈良県奈良市にある墓地・慰霊碑の心霊スポットです。少女、女性、正体不明の霊が目撃されています。,https://ghostmap.jp/spotdetail.php?spotcd=6341&utm_source=mymap
別所城山第1・2号墳(丘陵部),34.534473,135.726444,大阪府,別所城山第1・2号墳(丘陵部)とは、奈良県香芝市にある公園・城跡の心霊スポットです。男性、老爺、正体不明の霊が目撃されています。,https://ghostmap.jp/spotdetail.php?spotcd=6344&utm_source=mymap
観正山近隣公園,34.538254,135.724849,大阪府,観正山近隣公園とは、奈良県香芝市にある公園・城跡の心霊スポットです。少女、正体不明、女性の霊が目撃されています。,https://ghostmap.jp/spotdetail.php?spotcd=6389&utm_source=mymap
名月姫墓所,34.963385,135.42273,京都府,名月姫墓所とは、大阪府能勢町にある墓地・慰霊碑の心霊スポットです。男性、正体不明、少女の霊が目撃されています。,https://ghostmap.jp/spotdetail.php?spotcd=6401&utm_source=mymap
夜叉ヶ池,35.671264,136.289728,滋賀県,夜叉ヶ池とは、岐阜県揖斐川町にある湖（池）・ダムの心霊スポットです。男性、正体不明、動物の霊が目撃されています。,https://ghostmap.jp/spotdetail.php?spotcd=6476&utm_source=mymap
切れない木,35.274881,136.235905,滋賀県,切れない木とは、滋賀県彦根市にある樹木の心霊スポットです。正体不明、女性、動物の霊が目撃されています。,https://ghostmap.jp/spotdetail.php?spotcd=6501&utm_source=mymap
竹取公園,34.555346,135.735998,大阪府,竹取公園とは、奈良県広陵町にある公園・城跡の心霊スポットです。正体不明、女性の霊が目撃されています。,https://ghostmap.jp/spotdetail.php?spotcd=6523&utm_source=mymap
城北公園公衆トイレ3,34.728346,135.537873,京都府,城北公園公衆トイレ3とは、大阪府大阪市にある公園・城跡の心霊スポットです。男性、少女、女性の霊が目撃されています。,https://ghostmap.jp/spotdetail.php?spotcd=6828&utm_source=mymap
菅原神社,34.362338,135.398211,大阪府,菅原神社とは、大阪府貝塚市にある神社・寺の心霊スポットです。正体不明、老爺、女性の霊が目撃されています。,https://ghostmap.jp/spotdetail.php?spotcd=6907&utm_source=mymap
椿トンネル,35.616132,135.961714,滋賀県,椿トンネルとは、福井県美浜町にあるトンネルの心霊スポットです。幽霊の目撃情報はありません。,https://ghostmap.jp/spotdetail.php?spotcd=7109&utm_source=mymap
旧金ヶ崎隧道,35.663818,136.080419,滋賀県,旧金ヶ崎隧道とは、福井県敦賀市にあるトンネルの心霊スポットです。幽霊の目撃情報はありません。,https://ghostmap.jp/spotdetail.php?spotcd=7114&utm_source=mymap
湯山火葬場跡,35.655688,136.081654,滋賀県,湯山火葬場跡とは、福井県敦賀市にある墓地・慰霊碑の心霊スポットです。幽霊の目撃情報はありません。,https://ghostmap.jp/spotdetail.php?spotcd=7117&utm_source=mymap
若狭トンネル,35.520563,135.874698,滋賀県,若狭トンネルとは、福井県若狭町にあるトンネルの心霊スポットです。幽霊の目撃情報はありません。,https://ghostmap.jp/spotdetail.php?spotcd=7119&utm_source=mymap
蒼島,35.498082,135.683484,京都府,蒼島とは、福井県小浜市にある神社・寺の心霊スポットです。女性の霊が目撃されています。,https://ghostmap.jp/spotdetail.php?spotcd=7121&utm_source=mymap
千鳥苑近くの墓地,35.621237,135.966033,滋賀県,千鳥苑近くの墓地とは、福井県美浜町にある墓地・慰霊碑の心霊スポットです。男性の霊が目撃されています。,https://ghostmap.jp/spotdetail.php?spotcd=7125&utm_source=mymap
来迎寺野,35.651194,136.057541,滋賀県,来迎寺野とは、福井県敦賀市にある墓地・慰霊碑の心霊スポットです。正体不明、男性の霊が目撃されています。,https://ghostmap.jp/spotdetail.php?spotcd=7130&utm_source=mymap
頭巾山青少年旅行村,35.394215,135.584963,京都府,頭巾山青少年旅行村とは、福井県おおい町にあるホテル・旅館の心霊スポットです。正体不明の霊が目撃されています。,https://ghostmap.jp/spotdetail.php?spotcd=7135&utm_source=mymap
夜叉が池青少年旅行村跡,35.679575,136.271724,滋賀県,夜叉が池青少年旅行村跡とは、福井県越前町にあるその他の心霊スポットです。正体不明の霊が目撃されています。,https://ghostmap.jp/spotdetail.php?spotcd=7140&utm_source=mymap
旧敦賀港駅ランプ小屋,35.663241,136.07577,滋賀県,旧敦賀港駅ランプ小屋とは、福井県敦賀市にある駅・踏切の心霊スポットです。幽霊の目撃情報はありません。,https://ghostmap.jp/spotdetail.php?spotcd=7145&utm_source=mymap
若狭森林公園,35.413467,135.875602,滋賀県,若狭森林公園とは、福井県若狭町にある公園・城跡の心霊スポットです。正体不明の霊が目撃されています。,https://ghostmap.jp/spotdetail.php?spotcd=7154&utm_source=mymap
敦賀立少年自然の家 ,35.610383,136.031266,滋賀県,敦賀立少年自然の家 とは、福井県敦賀市にあるホテル・旅館の心霊スポットです。正体不明の霊が目撃されています。,https://ghostmap.jp/spotdetail.php?spotcd=7157&utm_source=mymap
恋の松原,35.590266,135.909339,滋賀県,恋の松原とは、福井県美浜町にある墓地・慰霊碑の心霊スポットです。女性、男性の霊が目撃されています。,https://ghostmap.jp/spotdetail.php?spotcd=7168&utm_source=mymap
皇子塚,35.393388,135.750332,京都府,皇子塚とは、福井県おおい町にある墓地・慰霊碑の心霊スポットです。幽霊の目撃情報はありません。,https://ghostmap.jp/spotdetail.php?spotcd=7169&utm_source=mymap
刀根パーキングエリア,35.603029,136.150499,滋賀県,刀根パーキングエリアとは、福井県敦賀市にある道・峠の心霊スポットです。幽霊の目撃情報はありません。,https://ghostmap.jp/spotdetail.php?spotcd=7170&utm_source=mymap
安堂寺橋,34.676748,135.510947,大阪府,安堂寺橋とは、大阪府大阪市にある橋の心霊スポットです。少女、女性、男性の霊が目撃されています。,https://ghostmap.jp/spotdetail.php?spotcd=7175&utm_source=mymap
若狭の里公園,35.483623,135.787129,京都府,若狭の里公園とは、福井県小浜市にある公園・城跡の心霊スポットです。幽霊の目撃情報はありません。,https://ghostmap.jp/spotdetail.php?spotcd=7193&utm_source=mymap
小浜城跡,35.50423,135.746309,京都府,小浜城跡とは、福井県小浜市にある公園・城跡の心霊スポットです。男性、少女、女性の霊が目撃されています。,https://ghostmap.jp/spotdetail.php?spotcd=7196&utm_source=mymap
刀根越峠,35.59412,136.176201,滋賀県,刀根越峠とは、福井県敦賀市にある道・峠の心霊スポットです。幽霊の目撃情報はありません。,https://ghostmap.jp/spotdetail.php?spotcd=7198&utm_source=mymap
ニソの杜,35.534154,135.658995,京都府,ニソの杜とは、福井県おおい町にある神社・寺の心霊スポットです。幽霊の目撃情報はありません。,https://ghostmap.jp/spotdetail.php?spotcd=7199&utm_source=mymap
小刀根トンネル,35.602846,136.136699,滋賀県,小刀根トンネルとは、福井県敦賀市にあるトンネルの心霊スポットです。幽霊の目撃情報はありません。,https://ghostmap.jp/spotdetail.php?spotcd=7200&utm_source=mymap
奥琵琶湖キャンプ場,35.482898,136.110821,滋賀県,奥琵琶湖キャンプ場とは、滋賀県長浜市にあるホテル・旅館の心霊スポットです。少女、少年の霊が目撃されています。,https://ghostmap.jp/spotdetail.php?spotcd=7209&utm_source=mymap
希望が丘文化公園青年の城,35.046476,136.082797,滋賀県,希望が丘文化公園青年の城とは、滋賀県竜王町にあるホテル・旅館の心霊スポットです。幽霊の目撃情報はありません。,https://ghostmap.jp/spotdetail.php?spotcd=7210&utm_source=mymap
安曇川のキャンプ場,35.366026,135.955467,滋賀県,安曇川のキャンプ場とは、滋賀県高島市にあるホテル・旅館の心霊スポットです。幽霊の目撃情報はありません。,https://ghostmap.jp/spotdetail.php?spotcd=7211&utm_source=mymap
花折トンネル,35.187541,135.856331,滋賀県,花折トンネルとは、滋賀県大津市にあるトンネルの心霊スポットです。幽霊の目撃情報はありません。,https://ghostmap.jp/spotdetail.php?spotcd=7212&utm_source=mymap
佐目トンネル,35.207752,136.343628,滋賀県,佐目トンネルとは、滋賀県多賀町にあるトンネルの心霊スポットです。幽霊の目撃情報はありません。,https://ghostmap.jp/spotdetail.php?spotcd=7213&utm_source=mymap
大門池,35.212175,136.284074,滋賀県,大門池とは、滋賀県多賀町にある湖（池）・ダムの心霊スポットです。幽霊の目撃情報はありません。,https://ghostmap.jp/spotdetail.php?spotcd=7214&utm_source=mymap
比叡山延暦寺,35.070469,135.841098,京都府,比叡山延暦寺とは、滋賀県大津市にある神社・寺の心霊スポットです。幽霊の目撃情報はありません。,https://ghostmap.jp/spotdetail.php?spotcd=7215&utm_source=mymap
湖南市営柿ケ沢墓地,35.014524,136.050777,滋賀県,湖南市営柿ケ沢墓地とは、滋賀県湖南市にある墓地・慰霊碑の心霊スポットです。幽霊の目撃情報はありません。,https://ghostmap.jp/spotdetail.php?spotcd=7216&utm_source=mymap
箕作城跡,35.133141,136.18206,滋賀県,箕作城跡とは、滋賀県東近江市にある公園・城跡の心霊スポットです。幽霊の目撃情報はありません。,https://ghostmap.jp/spotdetail.php?spotcd=7219&utm_source=mymap
義経隠れ岩,35.460562,136.080701,滋賀県,義経隠れ岩とは、滋賀県高島市にあるその他の心霊スポットです。幽霊の目撃情報はありません。,https://ghostmap.jp/spotdetail.php?spotcd=7220&utm_source=mymap
休暇村近江八幡,35.188753,136.081522,滋賀県,休暇村近江八幡とは、滋賀県近江八幡市にあるホテル・旅館の心霊スポットです。幽霊の目撃情報はありません。,https://ghostmap.jp/spotdetail.php?spotcd=7221&utm_source=mymap
荒神山自然の家,35.238364,136.200771,滋賀県,荒神山自然の家とは、滋賀県彦根市にあるホテル・旅館の心霊スポットです。幽霊の目撃情報はありません。,https://ghostmap.jp/spotdetail.php?spotcd=7223&utm_source=mymap
風車村の墓地,35.353008,136.067727,滋賀県,風車村の墓地とは、滋賀県高島市にある墓地・慰霊碑の心霊スポットです。幽霊の目撃情報はありません。,https://ghostmap.jp/spotdetail.php?spotcd=7224&utm_source=mymap
河内の風穴,35.250771,136.353722,滋賀県,河内の風穴とは、滋賀県多賀町にあるトンネルの心霊スポットです。幽霊の目撃情報はありません。,https://ghostmap.jp/spotdetail.php?spotcd=7225&utm_source=mymap
佐目風穴,35.204602,136.343851,滋賀県,佐目風穴とは、滋賀県多賀町にあるトンネルの心霊スポットです。幽霊の目撃情報はありません。,https://ghostmap.jp/spotdetail.php?spotcd=7226&utm_source=mymap
石塔寺,35.070083,136.211286,滋賀県,石塔寺とは、滋賀県東近江市にある神社・寺の心霊スポットです。幽霊の目撃情報はありません。,https://ghostmap.jp/spotdetail.php?spotcd=7228&utm_source=mymap
伝病火葬場跡,35.045007,136.20847,滋賀県,伝病火葬場跡とは、滋賀県東近江市にあるその他の心霊スポットです。幽霊の目撃情報はありません。,https://ghostmap.jp/spotdetail.php?spotcd=7229&utm_source=mymap
小女郎ヶ池,35.204015,135.877844,滋賀県,小女郎ヶ池とは、滋賀県大津市にある湖（池）・ダムの心霊スポットです。幽霊の目撃情報はありません。,https://ghostmap.jp/spotdetail.php?spotcd=7231&utm_source=mymap
不動寺,34.916518,135.982768,滋賀県,不動寺とは、滋賀県大津市にある神社・寺の心霊スポットです。幽霊の目撃情報はありません。,https://ghostmap.jp/spotdetail.php?spotcd=7232&utm_source=mymap
熊野神社,35.033857,135.961223,滋賀県,熊野神社とは、滋賀県草津市にある神社・寺の心霊スポットです。正体不明の霊が目撃されています。,https://ghostmap.jp/spotdetail.php?spotcd=7233&utm_source=mymap
霊窟の石仏蓬莱丘地蔵尊,35.068303,135.861186,滋賀県,霊窟の石仏蓬莱丘地蔵尊とは、滋賀県大津市にある墓地・慰霊碑の心霊スポットです。幽霊の目撃情報はありません。,https://ghostmap.jp/spotdetail.php?spotcd=7234&utm_source=mymap
塚本児童公園,35.038669,135.79023,京都府,塚本児童公園とは、京都府京都市にある公園・城跡の心霊スポットです。動物、正体不明の霊が目撃されています。,https://ghostmap.jp/spotdetail.php?spotcd=7235&utm_source=mymap
水無山登山道,35.008834,136.337144,滋賀県,水無山登山道とは、滋賀県日野町にある山・森の心霊スポットです。幽霊の目撃情報はありません。,https://ghostmap.jp/spotdetail.php?spotcd=7236&utm_source=mymap
矢橋帰帆島公園,35.003533,135.91273,滋賀県,矢橋帰帆島公園とは、滋賀県草津市にある公園・城跡の心霊スポットです。幽霊の目撃情報はありません。,https://ghostmap.jp/spotdetail.php?spotcd=7237&utm_source=mymap
日野城跡,35.008698,136.265059,滋賀県,日野城跡とは、滋賀県日野町にある公園・城跡の心霊スポットです。幽霊の目撃情報はありません。,https://ghostmap.jp/spotdetail.php?spotcd=7238&utm_source=mymap
安義橋,35.091365,136.122327,滋賀県,安義橋とは、滋賀県竜王町にある橋の心霊スポットです。幽霊の目撃情報はありません。,https://ghostmap.jp/spotdetail.php?spotcd=7243&utm_source=mymap
マキノ高原キャンプ場 ,35.497295,136.029582,滋賀県,マキノ高原キャンプ場 とは、滋賀県高島市にあるホテル・旅館の心霊スポットです。幽霊の目撃情報はありません。,https://ghostmap.jp/spotdetail.php?spotcd=7245&utm_source=mymap
西草津踏み切り,35.018657,135.958383,滋賀県,西草津踏み切りとは、滋賀県草津市にある駅・踏切の心霊スポットです。幽霊の目撃情報はありません。,https://ghostmap.jp/spotdetail.php?spotcd=7246&utm_source=mymap
瀬田駅,34.986899,135.92542,滋賀県,瀬田駅とは、滋賀県大津市にある駅・踏切の心霊スポットです。幽霊の目撃情報はありません。,https://ghostmap.jp/spotdetail.php?spotcd=7247&utm_source=mymap
賤ヶ岳サービスエリア,35.520193,136.217392,滋賀県,賤ヶ岳サービスエリアとは、滋賀県長浜市にある商業施設の心霊スポットです。幽霊の目撃情報はありません。,https://ghostmap.jp/spotdetail.php?spotcd=7248&utm_source=mymap
金勝山,34.96459,136.021106,滋賀県,金勝山とは、滋賀県栗東市にある山・森の心霊スポットです。幽霊の目撃情報はありません。,https://ghostmap.jp/spotdetail.php?spotcd=7249&utm_source=mymap
道の駅こ○ぜの里,34.968048,136.039249,滋賀県,道の駅こ○ぜの里とは、滋賀県栗東市にある商業施設の心霊スポットです。幽霊の目撃情報はありません。,https://ghostmap.jp/spotdetail.php?spotcd=7250&utm_source=mymap
膳所城跡公園,34.995331,135.894957,滋賀県,膳所城跡公園とは、滋賀県大津市にある公園・城跡の心霊スポットです。幽霊の目撃情報はありません。,https://ghostmap.jp/spotdetail.php?spotcd=7251&utm_source=mymap
新羅善神堂,35.018104,135.851481,滋賀県,新羅善神堂とは、滋賀県大津市にある神社・寺の心霊スポットです。幽霊の目撃情報はありません。,https://ghostmap.jp/spotdetail.php?spotcd=7256&utm_source=mymap
小関越,35.005183,135.843801,京都府,小関越とは、滋賀県大津市にある道・峠の心霊スポットです。幽霊の目撃情報はありません。,https://ghostmap.jp/spotdetail.php?spotcd=7257&utm_source=mymap
うばがもちやの獅子,35.019552,135.969703,滋賀県,うばがもちやの獅子とは、滋賀県草津市にあるその他の心霊スポットです。幽霊の目撃情報はありません。,https://ghostmap.jp/spotdetail.php?spotcd=7258&utm_source=mymap
大阪市立海洋博物館　なにわの海の時空館,34.640115,135.404601,大阪府,大阪市立海洋博物館　なにわの海の時空館とは、大阪府大阪市にあるその他の心霊スポットです。幽霊の目撃情報はありません。,https://ghostmap.jp/spotdetail.php?spotcd=7259&utm_source=mymap
安土駅アンダーパス,35.143854,136.135351,滋賀県,安土駅アンダーパスとは、滋賀県安土町にあるトンネルの心霊スポットです。幽霊の目撃情報はありません。,https://ghostmap.jp/spotdetail.php?spotcd=7260&utm_source=mymap
不飲川橋,35.169147,136.205723,滋賀県,不飲川橋とは、滋賀県愛荘町にある橋の心霊スポットです。幽霊の目撃情報はありません。,https://ghostmap.jp/spotdetail.php?spotcd=7261&utm_source=mymap
フェスティバルゲート,34.650189,135.504566,大阪府,フェスティバルゲートとは、大阪府大阪市にある遊園地の心霊スポットです。少年、少女、正体不明の霊が目撃されています。,https://ghostmap.jp/spotdetail.php?spotcd=7262&utm_source=mymap
びわ湖大橋米プラザのトンネル,35.123511,135.928252,滋賀県,びわ湖大橋米プラザのトンネルとは、滋賀県大津市にあるトンネルの心霊スポットです。幽霊の目撃情報はありません。,https://ghostmap.jp/spotdetail.php?spotcd=7263&utm_source=mymap
青少年自然道場跡,34.980565,136.098766,滋賀県,青少年自然道場跡とは、滋賀県湖南市にあるホテル・旅館の心霊スポットです。幽霊の目撃情報はありません。,https://ghostmap.jp/spotdetail.php?spotcd=7264&utm_source=mymap
石部駅前公園,35.017604,136.052534,滋賀県,石部駅前公園とは、滋賀県湖南市にある公園・城跡の心霊スポットです。幽霊の目撃情報はありません。,https://ghostmap.jp/spotdetail.php?spotcd=7265&utm_source=mymap
高島市斎場,35.402763,136.025194,滋賀県,高島市斎場とは、滋賀県高島市にある墓地・慰霊碑の心霊スポットです。幽霊の目撃情報はありません。,https://ghostmap.jp/spotdetail.php?spotcd=7266&utm_source=mymap
和邇浜,35.156297,135.93604,滋賀県,和邇浜とは、滋賀県大津市にある湖（池）・ダムの心霊スポットです。幽霊の目撃情報はありません。,https://ghostmap.jp/spotdetail.php?spotcd=7267&utm_source=mymap
びわこ文化公園,34.969003,135.944889,滋賀県,びわこ文化公園とは、滋賀県大津市にある公園・城跡の心霊スポットです。幽霊の目撃情報はありません。,https://ghostmap.jp/spotdetail.php?spotcd=7268&utm_source=mymap
鶏鳴の滝,34.842972,136.063271,滋賀県,鶏鳴の滝とは、滋賀県甲賀市にある川・滝の心霊スポットです。少年の霊が目撃されています。,https://ghostmap.jp/spotdetail.php?spotcd=7269&utm_source=mymap
鎌刃城跡,35.297194,136.315269,滋賀県,鎌刃城跡とは、滋賀県米原市にある公園・城跡の心霊スポットです。幽霊の目撃情報はありません。,https://ghostmap.jp/spotdetail.php?spotcd=7270&utm_source=mymap
八屋戸川河口,35.183637,135.917588,滋賀県,八屋戸川河口とは、滋賀県大津市にある川・滝の心霊スポットです。幽霊の目撃情報はありません。,https://ghostmap.jp/spotdetail.php?spotcd=7271&utm_source=mymap
余呉湖,35.524743,136.196344,滋賀県,余呉湖とは、滋賀県長浜市にある湖（池）・ダムの心霊スポットです。幽霊の目撃情報はありません。,https://ghostmap.jp/spotdetail.php?spotcd=7272&utm_source=mymap
小谷城跡,35.459551,136.276817,滋賀県,小谷城跡とは、滋賀県長浜市にある公園・城跡の心霊スポットです。幽霊の目撃情報はありません。,https://ghostmap.jp/spotdetail.php?spotcd=7273&utm_source=mymap
ガリバー青少年旅行村,35.273793,135.926027,滋賀県,ガリバー青少年旅行村とは、滋賀県高島市にあるホテル・旅館の心霊スポットです。幽霊の目撃情報はありません。,https://ghostmap.jp/spotdetail.php?spotcd=7274&utm_source=mymap
八雲神社,35.400201,136.023805,滋賀県,八雲神社とは、滋賀県高島市にある神社・寺の心霊スポットです。幽霊の目撃情報はありません。,https://ghostmap.jp/spotdetail.php?spotcd=7275&utm_source=mymap
大伴黒主神社,34.495206,135.615197,大阪府,大伴黒主神社とは、大阪府富田林市にある神社・寺の心霊スポットです。幽霊の目撃情報はありません。,https://ghostmap.jp/spotdetail.php?spotcd=7276&utm_source=mymap
大津旧陸軍墓地,35.025112,135.848908,京都府,大津旧陸軍墓地とは、滋賀県大津市にある墓地・慰霊碑の心霊スポットです。幽霊の目撃情報はありません。,https://ghostmap.jp/spotdetail.php?spotcd=7277&utm_source=mymap
安土城前の池,35.152185,136.139267,滋賀県,安土城前の池とは、滋賀県安土町にある湖（池）・ダムの心霊スポットです。幽霊の目撃情報はありません。,https://ghostmap.jp/spotdetail.php?spotcd=7278&utm_source=mymap
鹿跳橋,34.914084,135.913508,滋賀県,鹿跳橋とは、滋賀県大津市にある橋の心霊スポットです。幽霊の目撃情報はありません。,https://ghostmap.jp/spotdetail.php?spotcd=7279&utm_source=mymap
菖蒲谷池,35.043269,135.67349,京都府,菖蒲谷池とは、京都府京都市にある湖（池）・ダムの心霊スポットです。幽霊の目撃情報はありません。,https://ghostmap.jp/spotdetail.php?spotcd=7439&utm_source=mymap
大中公園,34.511131,135.737109,大阪府,大中公園とは、奈良県大和高田市にある公園・城跡の心霊スポットです。幽霊の目撃情報はありません。,https://ghostmap.jp/spotdetail.php?spotcd=7440&utm_source=mymap
大谷山自然公園,34.525847,135.729182,大阪府,大谷山自然公園とは、奈良県大和高田市にある公園・城跡の心霊スポットです。幽霊の目撃情報はありません。,https://ghostmap.jp/spotdetail.php?spotcd=7442&utm_source=mymap
切池,34.712793,135.69031,京都府,切池とは、奈良県生駒市にある湖（池）・ダムの心霊スポットです。幽霊の目撃情報はありません。,https://ghostmap.jp/spotdetail.php?spotcd=7444&utm_source=mymap
NTTドコモ椚峠無線中継所,34.689185,135.717711,大阪府,NTTドコモ椚峠無線中継所とは、奈良県生駒市にあるその他の心霊スポットです。幽霊の目撃情報はありません。,https://ghostmap.jp/spotdetail.php?spotcd=7445&utm_source=mymap
馬見丘陵公園,34.568402,135.741063,大阪府,馬見丘陵公園とは、奈良県広陵町にある公園・城跡の心霊スポットです。幽霊の目撃情報はありません。,https://ghostmap.jp/spotdetail.php?spotcd=7446&utm_source=mymap
屯鶴峯入口の池,34.54016,135.664483,大阪府,屯鶴峯入口の池とは、奈良県香芝市にある湖（池）・ダムの心霊スポットです。幽霊の目撃情報はありません。,https://ghostmap.jp/spotdetail.php?spotcd=7447&utm_source=mymap
阿田峯公園,34.381161,135.729696,大阪府,阿田峯公園とは、奈良県五條市にある公園・城跡の心霊スポットです。幽霊の目撃情報はありません。,https://ghostmap.jp/spotdetail.php?spotcd=7451&utm_source=mymap
金剛トンネル,34.385906,135.656453,大阪府,金剛トンネルとは、奈良県五條市にあるトンネルの心霊スポットです。幽霊の目撃情報はありません。,https://ghostmap.jp/spotdetail.php?spotcd=7452&utm_source=mymap
生駒山上遊園地,34.679241,135.679135,大阪府,生駒山上遊園地とは、奈良県生駒市にある遊園地の心霊スポットです。幽霊の目撃情報はありません。,https://ghostmap.jp/spotdetail.php?spotcd=7453&utm_source=mymap
信貴山駐車場,34.607003,135.671861,大阪府,信貴山駐車場とは、奈良県平群町にあるその他の心霊スポットです。幽霊の目撃情報はありません。,https://ghostmap.jp/spotdetail.php?spotcd=7454&utm_source=mymap
市営斎場,34.515123,135.757976,大阪府,市営斎場とは、奈良県大和高田市にある墓地・慰霊碑の心霊スポットです。幽霊の目撃情報はありません。,https://ghostmap.jp/spotdetail.php?spotcd=7455&utm_source=mymap
曽大根のサイカチ,34.493487,135.742234,大阪府,曽大根のサイカチとは、奈良県大和高田市にある樹木の心霊スポットです。幽霊の目撃情報はありません。,https://ghostmap.jp/spotdetail.php?spotcd=7456&utm_source=mymap
吉備姫王墓,34.468,135.799685,大阪府,吉備姫王墓とは、奈良県明日香村にある墓地・慰霊碑の心霊スポットです。幽霊の目撃情報はありません。,https://ghostmap.jp/spotdetail.php?spotcd=7458&utm_source=mymap
姫谷池,34.328649,135.722921,大阪府,姫谷池とは、奈良県五條市にある湖（池）・ダムの心霊スポットです。幽霊の目撃情報はありません。,https://ghostmap.jp/spotdetail.php?spotcd=7466&utm_source=mymap
信貴山展望台,34.606124,135.675166,大阪府,信貴山展望台とは、奈良県平群町にある山・森の心霊スポットです。幽霊の目撃情報はありません。,https://ghostmap.jp/spotdetail.php?spotcd=7478&utm_source=mymap
平城宮跡,34.689267,135.793745,大阪府,平城宮跡とは、奈良県奈良市にある公園・城跡の心霊スポットです。幽霊の目撃情報はありません。,https://ghostmap.jp/spotdetail.php?spotcd=7487&utm_source=mymap
血の池,34.710641,135.829426,京都府,血の池とは、奈良県奈良市にある道・峠の心霊スポットです。幽霊の目撃情報はありません。,https://ghostmap.jp/spotdetail.php?spotcd=7490&utm_source=mymap
大渕池公園(東地区),34.711244,135.75325,京都府,大渕池公園(東地区)とは、奈良県奈良市にある公園・城跡の心霊スポットです。幽霊の目撃情報はありません。,https://ghostmap.jp/spotdetail.php?spotcd=7493&utm_source=mymap
四郷トンネル,34.326016,135.481165,大阪府,四郷トンネルとは、和歌山県かつらぎ町にあるトンネルの心霊スポットです。幽霊の目撃情報はありません。,https://ghostmap.jp/spotdetail.php?spotcd=7495&utm_source=mymap
ハイラン○パーク,34.341719,135.410102,大阪府,ハイラン○パークとは、和歌山県紀の川市にある商業施設の心霊スポットです。男性、少女、女性の霊が目撃されています。,https://ghostmap.jp/spotdetail.php?spotcd=7518&utm_source=mymap
旧池田隧道,34.30868,135.379312,大阪府,旧池田隧道とは、和歌山県紀の川市にあるトンネルの心霊スポットです。動物、正体不明、女性の霊が目撃されています。,https://ghostmap.jp/spotdetail.php?spotcd=7519&utm_source=mymap
紀見峠駅,34.366298,135.600137,大阪府,紀見峠駅とは、和歌山県橋本市にある駅・踏切の心霊スポットです。幽霊の目撃情報はありません。,https://ghostmap.jp/spotdetail.php?spotcd=7522&utm_source=mymap
紀見峠,34.377889,135.603594,大阪府,紀見峠とは、和歌山県橋本市にある道・峠の心霊スポットです。幽霊の目撃情報はありません。,https://ghostmap.jp/spotdetail.php?spotcd=7523&utm_source=mymap
極楽橋駅～上古沢駅,34.236378,135.549794,大阪府,極楽橋駅～上古沢駅とは、和歌山県高野町にある駅・踏切の心霊スポットです。幽霊の目撃情報はありません。,https://ghostmap.jp/spotdetail.php?spotcd=7525&utm_source=mymap
蛇柳供養塔,34.216347,135.59912,大阪府,蛇柳供養塔とは、和歌山県高野町にある墓地・慰霊碑の心霊スポットです。幽霊の目撃情報はありません。,https://ghostmap.jp/spotdetail.php?spotcd=7527&utm_source=mymap
万丈転,34.227088,135.582747,大阪府,万丈転とは、和歌山県高野町にある道・峠の心霊スポットです。幽霊の目撃情報はありません。,https://ghostmap.jp/spotdetail.php?spotcd=7528&utm_source=mymap
三本杉,34.226458,135.605664,大阪府,三本杉とは、和歌山県高野町にある樹木の心霊スポットです。幽霊の目撃情報はありません。,https://ghostmap.jp/spotdetail.php?spotcd=7529&utm_source=mymap
中の橋駐車場,34.216138,135.603996,大阪府,中の橋駐車場とは、和歌山県高野町にあるその他の心霊スポットです。幽霊の目撃情報はありません。,https://ghostmap.jp/spotdetail.php?spotcd=7533&utm_source=mymap
伊太祁曽神社,34.201727,135.250817,大阪府,伊太祁曽神社とは、和歌山県和歌山市にある神社・寺の心霊スポットです。幽霊の目撃情報はありません。,https://ghostmap.jp/spotdetail.php?spotcd=7541&utm_source=mymap
根来寺,34.287042,135.3162,大阪府,根来寺とは、和歌山県岩出市にある神社・寺の心霊スポットです。幽霊の目撃情報はありません。,https://ghostmap.jp/spotdetail.php?spotcd=7542&utm_source=mymap
塩谷伊勢守戦死跡,34.237945,135.342046,大阪府,塩谷伊勢守戦死跡とは、和歌山県紀の川市にある墓地・慰霊碑の心霊スポットです。幽霊の目撃情報はありません。,https://ghostmap.jp/spotdetail.php?spotcd=7547&utm_source=mymap
飯盛鉱山,34.257808,135.434776,大阪府,飯盛鉱山とは、和歌山県紀の川市にあるその他の心霊スポットです。幽霊の目撃情報はありません。,https://ghostmap.jp/spotdetail.php?spotcd=7561&utm_source=mymap
岩出図書館の横の池,34.284135,135.309087,大阪府,岩出図書館の横の池とは、和歌山県岩出市にある湖（池）・ダムの心霊スポットです。幽霊の目撃情報はありません。,https://ghostmap.jp/spotdetail.php?spotcd=7570&utm_source=mymap
小寄公園,34.721479,135.27965,大阪府,小寄公園とは、兵庫県神戸市にある公園・城跡の心霊スポットです。女性、少年、正体不明の霊が目撃されています。,https://ghostmap.jp/spotdetail.php?spotcd=7982&utm_source=mymap
壬生寺,35.001676,135.74338,京都府,壬生寺とは、京都府京都市にある神社・寺の心霊スポットです。男性、正体不明の霊が目撃されています。,https://ghostmap.jp/spotdetail.php?spotcd=7993&utm_source=mymap
明智藪,34.947469,135.802259,滋賀県,明智藪とは、京都府京都市にあるその他の心霊スポットです。幽霊の目撃情報はありません。,https://ghostmap.jp/spotdetail.php?spotcd=7997&utm_source=mymap
丑寅第一踏切,34.79754,135.555048,京都府,丑寅第一踏切とは、大阪府吹田市にある駅・踏切の心霊スポットです。男性、少女、女性の霊が目撃されています。,https://ghostmap.jp/spotdetail.php?spotcd=8058&utm_source=mymap
大阪港(南港),34.653983,135.432738,大阪府,大阪港(南港)とは、大阪府大阪市にある海の心霊スポットです。少年、正体不明、男性の霊が目撃されています。,https://ghostmap.jp/spotdetail.php?spotcd=8078&utm_source=mymap
刀根山歩道橋,34.800583,135.456821,京都府,刀根山歩道橋とは、大阪府豊中市にある橋の心霊スポットです。正体不明、男性の霊が目撃されています。,https://ghostmap.jp/spotdetail.php?spotcd=8106&utm_source=mymap
